# border flatness vs border COLOUR flatness, every png on origin/farm-results-rtx5090
# 2026-08-16. Columns: lum_flat | colour_flat | path
#   lum_flat    fraction of the outer 8% band within +/-8 autocontrast luminance levels of the band median  (THE LIVE RULE: >=0.62 blocks)
#   colour_flat fraction of the SAME band within +/-6 RGB levels of the band's median COLOUR, no autocontrast (reported only, decides nothing)
# Cover-cropped to 704x1280 exactly as the box crops, i.e. what LTX sees. n=2510, 0 unreadable.
#
# WHY THE STATISTIC WAS NOT SWAPPED. Deciding on colour_flat>=0.62 instead flips 36 rows,
# every one of them BLOCK->PASS and none the other way. Those 36 are 22 distinct pictures.
# All 22 were opened on a contact sheet and labelled by eye; 14 are real character cards
# or costume turnarounds and must stay blocked, so the swap was rejected:
#
#  lum   colour  verdict  path -- what is actually in the picture
#  0.931 0.519  CARD   farm-out/ep2-b10-patrol-scene-0813/10-no-form-ipa-r0-w010-s1.png -- one figure, clipboard, blank pale ground, no location
#  0.812 0.407  MACRO  farm-out/ep2-b18-figlit-0814/18-the-decision-ipa-r0-w015-s3.png -- hand holding a sprouting fruit on a pink gradient -- no world
#  0.776 0.002  MACRO  farm-out/ep2-b01-figlit-0814/01-cold-open-ipa-r3-w015-s1.png -- leaf spray on cream paper -- no world
#  0.776 0.316  CARD   farm-out/ep2-b09-scene-0814/09-the-pause-ipa-r3-w015-s3.png -- head-and-shoulders portrait, token grass, no location
#  0.744 0.616  CARD   farm-out/ep2-b14-adultplate-0813/14-the-defense-ipa-r3-w015-s1.png -- goblin costume card, faint green wash, a few leaves
#  0.740 0.461  SCENE  farm-out/ep2-b06-conf-0814/b05-init-704x1280.png -- THE BLOCKED PLATE: field, hedge, flowers, two guards
#  0.717 0.288  CARD   farm-out/ep2-b04-stdviews-s6-0815/04-the-footnote-ipa-r0-w015-s6.png -- goblin costume card on a pale gradient, small grass patch
#  0.696 0.167  CARD   farm-out/ep2-b10-patrol-scene-r2-0813/10-no-form-ipa-r0-w020-s0.png -- one figure, blank pale ground
#  0.686 0.395  SCENE  farm-out/ep2-goblin-staged/10-no-form-wave1-s3.png -- dark staged shot, two figures, rim light
#  0.685 0.573  CARD   farm-out/ep2-b05-guardpick-0814/05-the-patrol-ipa-r1-w015-s2.png -- single figure from behind on a pale ground, token bushes
#  0.685 0.608  SHEET  farm-out/ep2-guard-sheet-b-r2-0814/06-the-clipboard-wave1-s0.png -- TWO-VIEW TURNAROUND, front and back of one character, blank ground
#  0.682 0.102  MACRO  farm-out/ep2-b18-figleaf3-0814/18-the-decision-ipa-r2-w015-s3.png -- hand and stem on a warm gradient -- no world
#  0.673 0.256  SHEET  farm-out/ep2-b11-guardpick-0814/11-they-leave-ipa-r3-w015-s3.png -- TWO-VIEW TURNAROUND, front and back, blank ground
#  0.673 0.376  CARD   farm-out/ep2-b11-guardpick-0814/11-they-leave-ipa-r0-w015-s2.png -- one figure, hands out, blank pale ground
#  0.668 0.564  MACRO  farm-out/ep2-b01-figleaf-0814/01-cold-open-ipa-r3-w015-s1.png -- single fruit, no world
#  0.659 0.564  CARD   farm-out/ep2-b19-ipa-wedge-0812/19-the-drop-ipa-r0-w010-s2.png -- goblin costume card, pale ground
#  0.653 0.230  CARD   farm-out/ep2-b04-knob-scale-0813/04-the-footnote-ipa-r0-w015-c080-s3.png -- goblin costume card, pale ground
#  0.651 0.620  SHEET  farm-out/ep2-charref-goblin-r2-0812/04-the-footnote-wave1-s1.png -- TWO-VIEW goblin turnaround, blank ground
#  0.651 0.617  MACRO  farm-out/ep2-b01-figfruit-0814/01-cold-open-ipa-r3-w015-s0.png -- hand holding berries on a mauve gradient -- no world
#  0.633 0.614  CARD   farm-out/ep2-b02-adult-b-0813/02-the-sprint-ipa-r0-w015-s0.png -- one figure, blank pale ground, thought bubble
#  0.630 0.594  CARD   farm-out/ep2-b09-guardpick-0814/09-the-pause-ipa-r3-w015-s0.png -- goblin costume card, blank ground
#  0.621 0.008  SCENE  farm-out/ep2-b06-guardpick-0814/06-the-clipboard-ipa-r1-w015-s1.png -- figure from behind, sky over grass, hedge
#
# VERDICT KEY: CARD/SHEET = must stay blocked (14 of 22). SCENE = a place is depicted (3).
# MACRO = no character card but no world either; the guard passes these anyway today (5).
#
1.0000	1.0000	farm-out/ep2-b01-brightbase-figmatte/b01-bright-s1-leaf-mask.png
0.1537	0.0717	farm-out/ep2-b01-brightbase-figmatte/b01-bright-s1-leaf.png
1.0000	1.0000	farm-out/ep2-b01-brightbase-figmatte/b01-bright-s1-mask.png
0.1537	0.0717	farm-out/ep2-b01-brightbase-figmatte/b01-bright-s1.png
1.0000	1.0000	farm-out/ep2-b01-brightbase-figmatte/b01-bright-s2-leaf-mask.png
0.1386	0.0508	farm-out/ep2-b01-brightbase-figmatte/b01-bright-s2-leaf.png
1.0000	1.0000	farm-out/ep2-b01-brightbase-figmatte/b01-bright-s2-mask.png
0.1386	0.0508	farm-out/ep2-b01-brightbase-figmatte/b01-bright-s2.png
0.1323	0.0566	farm-out/ep2-b01-brightbase-figmatte/01-cold-open-bright-i35b-s0.png
0.1537	0.0717	farm-out/ep2-b01-brightbase-figmatte/01-cold-open-bright-i35b-s1.png
0.1386	0.0508	farm-out/ep2-b01-brightbase-figmatte/01-cold-open-bright-i35b-s2.png
0.1510	0.0582	farm-out/ep2-b01-brightbase-figmatte/01-cold-open-bright-i35b-s3.png
1.0000	1.0000	farm-out/ep2-b01-brightbase-figmatte/b01-bright-s0-leaf-mask.png
0.1323	0.0566	farm-out/ep2-b01-brightbase-figmatte/b01-bright-s0-leaf.png
1.0000	1.0000	farm-out/ep2-b01-brightbase-figmatte/b01-bright-s0-mask.png
0.1323	0.0566	farm-out/ep2-b01-brightbase-figmatte/b01-bright-s0.png
0.1196	0.0184	farm-out/b06-r6r7-recovered/06-too-blue-r6a-s0.png
0.1042	0.0008	farm-out/b06-r6r7-recovered/06-too-blue-r6a-s1.png
0.0733	0.0004	farm-out/b06-r6r7-recovered/06-too-blue-r6a-s2.png
0.1078	0.0065	farm-out/b06-r6r7-recovered/06-too-blue-r6a-s3.png
0.1664	0.0601	farm-out/b06-r6r7-recovered/06-too-blue-r6b-s0.png
0.0802	0.0175	farm-out/b06-r6r7-recovered/06-too-blue-r6b-s1.png
0.1459	0.0432	farm-out/b06-r6r7-recovered/06-too-blue-r6b-s2.png
0.1113	0.0549	farm-out/b06-r6r7-recovered/06-too-blue-r6b-s3.png
0.1210	0.0280	farm-out/ep1-b06-r8b-sky-k12/06-too-blue-r8b-k12-s0.png
0.0976	0.0235	farm-out/ep1-b06-r8b-sky-k12/06-too-blue-r8b-k12-s1.png
0.1136	0.0344	farm-out/ep1-b06-r8b-sky-k12/06-too-blue-r8b-k12-s2.png
0.1740	0.0006	farm-out/ep1-b06-r8b-sky-k12/06-too-blue-r8b-k12-s3.png
0.2408	0.1000	farm-out/ep1-b06-r8b-sky-k16/06-too-blue-r8b-k16-s0.png
0.1057	0.0371	farm-out/ep1-b06-r8b-sky-k16/06-too-blue-r8b-k16-s1.png
0.1826	0.0566	farm-out/ep1-b06-r8b-sky-k16/06-too-blue-r8b-k16-s2.png
0.0802	0.0033	farm-out/ep1-b06-r8b-sky-k16/06-too-blue-r8b-k16-s3.png
0.0672	0.0002	farm-out/b06-r6r7-recovered/06-too-blue-r7a-s0.png
0.0848	0.0002	farm-out/b06-r6r7-recovered/06-too-blue-r7a-s1.png
0.0415	0.0001	farm-out/b06-r6r7-recovered/06-too-blue-r7a-s2.png
0.1079	0.0066	farm-out/b06-r6r7-recovered/06-too-blue-r7a-s3.png
0.1370	0.0520	farm-out/b06-r6r7-recovered/06-too-blue-r7b-s0.png
0.0667	0.0088	farm-out/b06-r6r7-recovered/06-too-blue-r7b-s1.png
0.2072	0.0809	farm-out/b06-r6r7-recovered/06-too-blue-r7b-s2.png
0.1194	0.0583	farm-out/b06-r6r7-recovered/06-too-blue-r7b-s3.png
0.0942	0.0153	farm-out/ep1-b06-r8b-sky-k8/06-too-blue-r8b-k8-s0.png
0.0871	0.0005	farm-out/ep1-b06-r8b-sky-k8/06-too-blue-r8b-k8-s1.png
0.0904	0.0513	farm-out/ep1-b06-r8b-sky-k8/06-too-blue-r8b-k8-s2.png
0.1182	0.0459	farm-out/ep1-b06-r8b-sky-k8/06-too-blue-r8b-k8-s3.png
0.1657	0.0552	farm-out/ep1-b06-r8c-clear1/06-too-blue-r8c-step1-s0.png
0.0913	0.0152	farm-out/ep1-b06-r8c-clear1/06-too-blue-r8c-step1-s1.png
0.1420	0.0681	farm-out/ep1-b06-r8c-clear2/06-too-blue-r8c-step2-s0.png
0.0807	0.0231	farm-out/ep1-b06-r8c-clear2/06-too-blue-r8c-step2-s1.png
0.2806	0.1158	farm-out/ep1-b06-r8c-clear3/06-too-blue-r8c-step3-s0.png
0.1923	0.0002	farm-out/ep1-b06-r8c-clear3/06-too-blue-r8c-step3-s1.png
0.1707	0.1082	farm-out/ep1-b06-r8c-clear4/06-too-blue-r8c-step4-s0.png
0.2255	0.0034	farm-out/ep1-b06-r8c-clear4/06-too-blue-r8c-step4-s1.png
0.2127	0.1337	farm-out/ep1-b06-r8c-clear5/06-too-blue-r8c-step5-s0.png
0.2448	0.0020	farm-out/ep1-b06-r8c-clear5/06-too-blue-r8c-step5-s1.png
0.1079	0.0518	farm-out/ep1-b06-r8d-step3/06-too-blue-r8d-step3-s0.png
0.0713	0.0194	farm-out/ep1-b06-r8d-step3/06-too-blue-r8d-step3-s1.png
0.0645	0.0000	farm-out/ep1-b05-sapling-reveal-0811/05-sapling-reveal-reveal-r1-s0.png
0.0580	0.0027	farm-out/ep1-b05-sapling-reveal-0811/05-sapling-reveal-reveal-r1-s1.png
0.0277	0.0000	farm-out/ep1-b05-sapling-reveal-0811/05-sapling-reveal-reveal-r1-s2.png
0.0983	0.0418	farm-out/ep1-b05-sapling-reveal-0811/05-sapling-reveal-reveal-r1-s3.png
0.0760	0.0188	farm-out/ep1-b06-r8a2-tallgrass-below/06-too-blue-r8a2-s0.png
0.0925	0.0055	farm-out/ep1-b06-r8a2-tallgrass-below/06-too-blue-r8a2-s1.png
0.0512	0.0003	farm-out/ep1-b06-r8a2-tallgrass-below/06-too-blue-r8a2-s2.png
0.0403	0.0008	farm-out/ep1-b06-r8a2-tallgrass-below/06-too-blue-r8a2-s3.png
1.0000	1.0000	farm-out/ep2-b01-brightbase-figmatte/b01-bright-s3-leaf-mask.png
0.1510	0.0582	farm-out/ep2-b01-brightbase-figmatte/b01-bright-s3-leaf.png
1.0000	1.0000	farm-out/ep2-b01-brightbase-figmatte/b01-bright-s3-mask.png
0.1510	0.0582	farm-out/ep2-b01-brightbase-figmatte/b01-bright-s3.png
0.0978	0.0172	farm-out/ep2-b01-cold-r2/b01-fig-704x1280.png
0.0978	0.0172	farm-out/ep2-b01-cold-r2B/b01-fig-704x1280.png
0.0978	0.0172	farm-out/ep2-b01-conf/b01-fig-704x1280.png
0.0978	0.0172	farm-out/ep2-b01-confB/b01-fig-704x1280.png
0.0978	0.0172	farm-out/ep2-b01-figfive/b01-fig-704x1280.png
0.0978	0.0172	farm-out/ep2-b01-figfiveB/b01-fig-704x1280.png
0.1385	0.0140	farm-out/ep2-b01-figfruit-0814/01-cold-open-ipa-r0-w015-s0.png
0.4678	0.0517	farm-out/ep2-b01-figfruit-0814/01-cold-open-ipa-r0-w015-s1.png
0.3971	0.1670	farm-out/ep2-b01-figfruit-0814/01-cold-open-ipa-r0-w015-s2.png
0.3739	0.2183	farm-out/ep2-b01-figfruit-0814/01-cold-open-ipa-r0-w015-s3.png
0.2573	0.1612	farm-out/ep2-b01-figfruit-0814/01-cold-open-ipa-r1-w015-s0.png
0.4671	0.4131	farm-out/ep2-b01-figfruit-0814/01-cold-open-ipa-r1-w015-s1.png
0.4686	0.2285	farm-out/ep2-b01-figfruit-0814/01-cold-open-ipa-r3-w015-s2.png
0.1022	0.0749	farm-out/ep2-b01-figfruit-0814/01-cold-open-ipa-r3-w015-s3.png
0.0978	0.0172	farm-out/ep2-b01-figgrow-r3/b01-fig-704x1280.png
0.7433	0.7177	farm-out/ep2-b01-figleaf-0814/01-cold-open-ipa-r0-w015-s0.png
0.4830	0.2647	farm-out/ep2-b01-figleaf-0814/01-cold-open-ipa-r0-w015-s1.png
0.5251	0.1586	farm-out/ep2-b01-figleaf-0814/01-cold-open-ipa-r0-w015-s2.png
0.5410	0.4864	farm-out/ep2-b01-figleaf-0814/01-cold-open-ipa-r0-w015-s3.png
0.3460	0.3079	farm-out/ep2-b01-figleaf-0814/01-cold-open-ipa-r1-w015-s0.png
0.1590	0.0585	farm-out/ep2-b01-figleaf-0814/01-cold-open-ipa-r1-w015-s1.png
0.1032	0.0070	farm-out/ep2-b01-figleaf-0814/01-cold-open-ipa-r1-w015-s2.png
0.4208	0.3935	farm-out/ep2-b01-figleaf-0814/01-cold-open-ipa-r1-w015-s3.png
0.0503	0.0035	farm-out/ep2-b01-figleaf-0814/01-cold-open-ipa-r2-w015-s0.png
0.1527	0.0014	farm-out/ep2-b01-figleaf-0814/01-cold-open-ipa-r2-w015-s1.png
0.5192	0.5035	farm-out/ep2-b01-figleaf-0814/01-cold-open-ipa-r2-w015-s2.png
0.2352	0.1505	farm-out/ep2-b01-figleaf-0814/01-cold-open-ipa-r2-w015-s3.png
0.8285	0.7561	farm-out/ep2-b01-figleaf-0814/01-cold-open-ipa-r3-w015-s0.png
0.2185	0.1153	farm-out/ep2-b01-figfruit-0814/01-cold-open-ipa-r1-w015-s2.png
0.0961	0.0854	farm-out/ep2-b01-figfruit-0814/01-cold-open-ipa-r1-w015-s3.png
0.1243	0.0651	farm-out/ep2-b01-figfruit-0814/01-cold-open-ipa-r2-w015-s0.png
0.0917	0.0513	farm-out/ep2-b01-figfruit-0814/01-cold-open-ipa-r2-w015-s1.png
0.1480	0.0772	farm-out/ep2-b01-figfruit-0814/01-cold-open-ipa-r2-w015-s2.png
0.1394	0.1170	farm-out/ep2-b01-figfruit-0814/01-cold-open-ipa-r2-w015-s3.png
0.6509	0.6173	farm-out/ep2-b01-figfruit-0814/01-cold-open-ipa-r3-w015-s0.png
0.5012	0.3929	farm-out/ep2-b01-figfruit-0814/01-cold-open-ipa-r3-w015-s1.png
0.6683	0.5635	farm-out/ep2-b01-figleaf-0814/01-cold-open-ipa-r3-w015-s1.png
0.2399	0.0228	farm-out/ep2-b01-figleaf-0814/01-cold-open-ipa-r3-w015-s2.png
0.4481	0.0000	farm-out/ep2-b01-figleaf-0814/01-cold-open-ipa-r3-w015-s3.png
0.6505	0.6482	farm-out/ep2-b01-figleaf2-0814/01-cold-open-ipa-r0-w015-s0.png
0.5242	0.4242	farm-out/ep2-b01-figleaf2-0814/01-cold-open-ipa-r0-w015-s1.png
0.4070	0.1660	farm-out/ep2-b01-figleaf2-0814/01-cold-open-ipa-r0-w015-s2.png
0.2552	0.1214	farm-out/ep2-b01-figleaf2-0814/01-cold-open-ipa-r0-w015-s3.png
0.4323	0.4386	farm-out/ep2-b01-figleaf2-0814/01-cold-open-ipa-r1-w015-s0.png
0.2625	0.0967	farm-out/ep2-b01-figleaf2-0814/01-cold-open-ipa-r1-w015-s1.png
0.2333	0.1614	farm-out/ep2-b01-figleaf2-0814/01-cold-open-ipa-r1-w015-s2.png
0.3453	0.2086	farm-out/ep2-b01-figleaf2-0814/01-cold-open-ipa-r1-w015-s3.png
0.7387	0.7236	farm-out/ep2-b01-figleaf2-0814/01-cold-open-ipa-r2-w015-s0.png
0.2163	0.0062	farm-out/ep2-b01-figleaf2-0814/01-cold-open-ipa-r2-w015-s1.png
0.3622	0.1705	farm-out/ep2-b01-figleaf2-0814/01-cold-open-ipa-r2-w015-s2.png
0.3850	0.0882	farm-out/ep2-b01-figleaf2-0814/01-cold-open-ipa-r2-w015-s3.png
0.4238	0.2036	farm-out/ep2-b01-figleaf2-0814/01-cold-open-ipa-r3-w015-s0.png
0.4553	0.3849	farm-out/ep2-b01-figleaf2-0814/01-cold-open-ipa-r3-w015-s1.png
0.5452	0.1349	farm-out/ep2-b01-figleaf2-0814/01-cold-open-ipa-r3-w015-s2.png
0.1553	0.0869	farm-out/ep2-b01-figleaf2-0814/01-cold-open-ipa-r3-w015-s3.png
0.6905	0.6845	farm-out/ep2-b01-figleaf2-wedge-0814/01-cold-open-ipa-r0-w010-s0.png
0.5135	0.5053	farm-out/ep2-b01-figleaf2-wedge-0814/01-cold-open-ipa-r0-w010-s1.png
0.1726	0.0938	farm-out/ep2-b01-figleaf2-wedge-0814/01-cold-open-ipa-r0-w010-s2.png
0.0399	0.0015	farm-out/ep2-b01-figleaf2-wedge-0814/01-cold-open-ipa-r0-w010-s3.png
0.3367	0.2959	farm-out/ep2-b01-figleaf2-wedge-0814/01-cold-open-ipa-r0-w020-s0.png
0.4940	0.3861	farm-out/ep2-b01-figleaf2-wedge-0814/01-cold-open-ipa-r0-w020-s1.png
0.4338	0.3561	farm-out/ep2-b01-figleaf2-wedge-0814/01-cold-open-ipa-r0-w020-s2.png
0.3250	0.0739	farm-out/ep2-b01-figleaf2-wedge-0814/01-cold-open-ipa-r0-w020-s3.png
0.6509	0.6173	farm-out/ep2-b01-figleaf3-0814/01-cold-open-ipa-r0-w015-s0.png
0.5012	0.3929	farm-out/ep2-b01-figleaf3-0814/01-cold-open-ipa-r0-w015-s1.png
0.4686	0.2285	farm-out/ep2-b01-figleaf3-0814/01-cold-open-ipa-r0-w015-s2.png
0.1022	0.0749	farm-out/ep2-b01-figleaf3-0814/01-cold-open-ipa-r0-w015-s3.png
0.2483	0.1881	farm-out/ep2-b01-figleaf3-0814/01-cold-open-ipa-r1-w015-s0.png
0.2238	0.1584	farm-out/ep2-b01-figleaf3-0814/01-cold-open-ipa-r1-w015-s1.png
0.1254	0.0770	farm-out/ep2-b01-figleaf3-0814/01-cold-open-ipa-r1-w015-s2.png
0.2185	0.1172	farm-out/ep2-b01-figleaf3-0814/01-cold-open-ipa-r1-w015-s3.png
0.1385	0.0140	farm-out/ep2-b01-figleaf3-0814/01-cold-open-ipa-r2-w015-s0.png
0.4678	0.0517	farm-out/ep2-b01-figleaf3-0814/01-cold-open-ipa-r2-w015-s1.png
0.3971	0.1670	farm-out/ep2-b01-figleaf3-0814/01-cold-open-ipa-r2-w015-s2.png
0.3739	0.2183	farm-out/ep2-b01-figleaf3-0814/01-cold-open-ipa-r2-w015-s3.png
0.2573	0.1612	farm-out/ep2-b01-figleaf3-0814/01-cold-open-ipa-r3-w015-s0.png
0.1424	0.0244	farm-out/ep2-b01-figmatte/b01-figmatte-s1-leaf.png
1.0000	1.0000	farm-out/ep2-b01-figmatte/b01-figmatte-s1-mask.png
0.1424	0.0244	farm-out/ep2-b01-figmatte/b01-figmatte-s1.png
1.0000	1.0000	farm-out/ep2-b01-figmatte/b01-figmatte-s2-leaf-mask.png
0.1424	0.0244	farm-out/ep2-b01-figmatte/b01-figmatte-s2-leaf.png
1.0000	1.0000	farm-out/ep2-b01-figmatte/b01-figmatte-s2-mask.png
0.1424	0.0244	farm-out/ep2-b01-figmatte/b01-figmatte-s2.png
1.0000	1.0000	farm-out/ep2-b01-figmatte/b01-figmatte-s3-leaf-mask.png
0.7765	0.0018	farm-out/ep2-b01-figlit-0814/01-cold-open-ipa-r3-w015-s1.png
0.2941	0.0327	farm-out/ep2-b01-figlit-0814/01-cold-open-ipa-r3-w015-s2.png
0.0451	0.0206	farm-out/ep2-b01-figlit-0814/01-cold-open-ipa-r3-w015-s3.png
1.0000	1.0000	farm-out/ep2-b01-figmatte/b01-figmatte-s0-leaf-mask.png
0.1424	0.0244	farm-out/ep2-b01-figmatte/b01-figmatte-s0-leaf.png
1.0000	1.0000	farm-out/ep2-b01-figmatte/b01-figmatte-s0-mask.png
0.1424	0.0244	farm-out/ep2-b01-figmatte/b01-figmatte-s0.png
1.0000	1.0000	farm-out/ep2-b01-figmatte/b01-figmatte-s1-leaf-mask.png
0.4671	0.4131	farm-out/ep2-b01-figleaf3-0814/01-cold-open-ipa-r3-w015-s1.png
0.2185	0.1153	farm-out/ep2-b01-figleaf3-0814/01-cold-open-ipa-r3-w015-s2.png
0.0961	0.0854	farm-out/ep2-b01-figleaf3-0814/01-cold-open-ipa-r3-w015-s3.png
0.7766	0.7238	farm-out/ep2-b01-figlit-0814/01-cold-open-ipa-r0-w015-s0.png
0.3906	0.2973	farm-out/ep2-b01-figlit-0814/01-cold-open-ipa-r0-w015-s1.png
0.8720	0.7469	farm-out/ep2-b01-figlit-0814/01-cold-open-ipa-r0-w015-s2.png
0.4228	0.2059	farm-out/ep2-b01-figlit-0814/01-cold-open-ipa-r0-w015-s3.png
0.4175	0.0021	farm-out/ep2-b01-figlit-0814/01-cold-open-ipa-r1-w015-s0.png
0.1424	0.0244	farm-out/ep2-b01-figmatte/b01-figmatte-s3-leaf.png
1.0000	1.0000	farm-out/ep2-b01-figmatte/b01-figmatte-s3-mask.png
0.1424	0.0244	farm-out/ep2-b01-figmatte/b01-figmatte-s3.png
0.7448	0.7011	farm-out/ep2-b01-figref-0814/01-cold-open-ipa-r0-w015-s0.png
0.2392	0.0607	farm-out/ep2-b01-figref-0814/01-cold-open-ipa-r0-w015-s1.png
0.0762	0.0298	farm-out/ep2-b01-figref-0814/01-cold-open-ipa-r0-w015-s2.png
0.1415	0.0581	farm-out/ep2-b01-figref-0814/01-cold-open-ipa-r0-w015-s3.png
0.7448	0.7011	farm-out/ep2-b01-figref-0814/01-cold-open-ipa-r1-w015-s0.png
0.3829	0.3767	farm-out/ep2-b01-figlit-0814/01-cold-open-ipa-r1-w015-s1.png
0.2708	0.1312	farm-out/ep2-b01-figlit-0814/01-cold-open-ipa-r1-w015-s2.png
0.0593	0.0549	farm-out/ep2-b01-figlit-0814/01-cold-open-ipa-r1-w015-s3.png
0.5307	0.5205	farm-out/ep2-b01-figlit-0814/01-cold-open-ipa-r2-w015-s0.png
0.4454	0.4085	farm-out/ep2-b01-figlit-0814/01-cold-open-ipa-r2-w015-s1.png
0.0931	0.0448	farm-out/ep2-b01-figlit-0814/01-cold-open-ipa-r2-w015-s2.png
0.1774	0.1400	farm-out/ep2-b01-figlit-0814/01-cold-open-ipa-r2-w015-s3.png
0.6118	0.6002	farm-out/ep2-b01-figlit-0814/01-cold-open-ipa-r3-w015-s0.png
0.2392	0.0607	farm-out/ep2-b01-figref-0814/01-cold-open-ipa-r1-w015-s1.png
0.0762	0.0298	farm-out/ep2-b01-figref-0814/01-cold-open-ipa-r1-w015-s2.png
0.1415	0.0581	farm-out/ep2-b01-figref-0814/01-cold-open-ipa-r1-w015-s3.png
0.7448	0.7011	farm-out/ep2-b01-figref-0814/01-cold-open-ipa-r2-w015-s0.png
0.2392	0.0607	farm-out/ep2-b01-figref-0814/01-cold-open-ipa-r2-w015-s1.png
0.0762	0.0298	farm-out/ep2-b01-figref-0814/01-cold-open-ipa-r2-w015-s2.png
0.1415	0.0581	farm-out/ep2-b01-figref-0814/01-cold-open-ipa-r2-w015-s3.png
0.7448	0.7011	farm-out/ep2-b01-figref-0814/01-cold-open-ipa-r3-w015-s0.png
0.2392	0.0607	farm-out/ep2-b01-figref-0814/01-cold-open-ipa-r3-w015-s1.png
0.0762	0.0298	farm-out/ep2-b01-figref-0814/01-cold-open-ipa-r3-w015-s2.png
0.1415	0.0581	farm-out/ep2-b01-figref-0814/01-cold-open-ipa-r3-w015-s3.png
0.7505	0.7408	farm-out/ep2-b01-figref-matte-0814/01-cold-open-ipa-r0-w015-s0.png
0.2257	0.0359	farm-out/ep2-b01-figref-matte-0814/01-cold-open-ipa-r0-w015-s1.png
0.1928	0.0549	farm-out/ep2-b01-figref-matte-0814/01-cold-open-ipa-r0-w015-s2.png
0.1940	0.1455	farm-out/ep2-b01-figref-matte-0814/01-cold-open-ipa-r0-w015-s3.png
0.7505	0.7408	farm-out/ep2-b01-figref-matte-0814/01-cold-open-ipa-r1-w015-s0.png
0.2257	0.0359	farm-out/ep2-b01-figref-matte-0814/01-cold-open-ipa-r1-w015-s1.png
0.1928	0.0549	farm-out/ep2-b01-figref-matte-0814/01-cold-open-ipa-r1-w015-s2.png
0.1940	0.1455	farm-out/ep2-b01-figref-matte-0814/01-cold-open-ipa-r1-w015-s3.png
0.7505	0.7408	farm-out/ep2-b01-figref-matte-0814/01-cold-open-ipa-r2-w015-s0.png
0.2257	0.0359	farm-out/ep2-b01-figref-matte-0814/01-cold-open-ipa-r2-w015-s1.png
0.1928	0.0549	farm-out/ep2-b01-figref-matte-0814/01-cold-open-ipa-r2-w015-s2.png
0.1940	0.1455	farm-out/ep2-b01-figref-matte-0814/01-cold-open-ipa-r2-w015-s3.png
0.7505	0.7408	farm-out/ep2-b01-figref-matte-0814/01-cold-open-ipa-r3-w015-s0.png
0.1539	0.0088	farm-out/ep2-b01-figref-r2-0814/01-cold-open-ipa-r1-w015-s1.png
0.1648	0.0767	farm-out/ep2-b01-figref-r2-0814/01-cold-open-ipa-r1-w015-s2.png
0.2578	0.0563	farm-out/ep2-b01-figref-r2-0814/01-cold-open-ipa-r1-w015-s3.png
0.2960	0.0030	farm-out/ep2-b01-figref-r2-0814/01-cold-open-ipa-r2-w015-s0.png
0.1539	0.0088	farm-out/ep2-b01-figref-r2-0814/01-cold-open-ipa-r2-w015-s1.png
0.1648	0.0767	farm-out/ep2-b01-figref-r2-0814/01-cold-open-ipa-r2-w015-s2.png
0.2578	0.0563	farm-out/ep2-b01-figref-r2-0814/01-cold-open-ipa-r2-w015-s3.png
0.2960	0.0030	farm-out/ep2-b01-figref-r2-0814/01-cold-open-ipa-r3-w015-s0.png
0.2257	0.0359	farm-out/ep2-b01-figref-matte-0814/01-cold-open-ipa-r3-w015-s1.png
0.1928	0.0549	farm-out/ep2-b01-figref-matte-0814/01-cold-open-ipa-r3-w015-s2.png
0.1940	0.1455	farm-out/ep2-b01-figref-matte-0814/01-cold-open-ipa-r3-w015-s3.png
0.2960	0.0030	farm-out/ep2-b01-figref-r2-0814/01-cold-open-ipa-r0-w015-s0.png
0.1539	0.0088	farm-out/ep2-b01-figref-r2-0814/01-cold-open-ipa-r0-w015-s1.png
0.1648	0.0767	farm-out/ep2-b01-figref-r2-0814/01-cold-open-ipa-r0-w015-s2.png
0.2578	0.0563	farm-out/ep2-b01-figref-r2-0814/01-cold-open-ipa-r0-w015-s3.png
0.2960	0.0030	farm-out/ep2-b01-figref-r2-0814/01-cold-open-ipa-r1-w015-s0.png
0.1424	0.0244	farm-out/ep2-b01-leafcount/b01-leafcount-s0.png
1.0000	1.0000	farm-out/ep2-b01-leafcount/b01-leafcount-s1-mask.png
0.1424	0.0244	farm-out/ep2-b01-leafcount/b01-leafcount-s1.png
1.0000	1.0000	farm-out/ep2-b01-leafcount/b01-leafcount-s2-mask.png
0.1709	0.0244	farm-out/ep2-b01-leafcount/b01-leafcount-s2.png
1.0000	1.0000	farm-out/ep2-b01-leafcount/b01-leafcount-s3-mask.png
0.1424	0.0244	farm-out/ep2-b01-leafcount/b01-leafcount-s3.png
0.0978	0.0172	farm-out/ep2-b01-lw-0815/b01-init-704x1280.png
0.1040	0.0508	farm-out/ep2-b01-final055-r3/b01-final055-i55-s1.png
0.0634	0.0105	farm-out/ep2-b01-final055/b01-styleprobe-i25-s0.png
0.0747	0.0112	farm-out/ep2-b01-final055/b01-styleprobe-i25-s1.png
0.0664	0.0083	farm-out/ep2-b01-final055/b01-styleprobe-i40-s0.png
0.1006	0.0293	farm-out/ep2-b01-final055/b01-styleprobe-i40-s1.png
0.0978	0.0172	farm-out/ep2-b01-final055/b01-styleprobe-i55-s0.png
0.1040	0.0508	farm-out/ep2-b01-final055/b01-styleprobe-i55-s1.png
1.0000	1.0000	farm-out/ep2-b01-leafcount/b01-leafcount-s0-mask.png
0.1539	0.0088	farm-out/ep2-b01-figref-r2-0814/01-cold-open-ipa-r3-w015-s1.png
0.1648	0.0767	farm-out/ep2-b01-figref-r2-0814/01-cold-open-ipa-r3-w015-s2.png
0.2578	0.0563	farm-out/ep2-b01-figref-r2-0814/01-cold-open-ipa-r3-w015-s3.png
0.0876	0.0247	farm-out/ep2-b01-figref-wedge-0814/01-cold-open-ipa-r0-w010-s0.png
0.2611	0.0178	farm-out/ep2-b01-figref-wedge-0814/01-cold-open-ipa-r0-w010-s1.png
0.1341	0.0646	farm-out/ep2-b01-figref-wedge-0814/01-cold-open-ipa-r0-w010-s2.png
0.0402	0.0040	farm-out/ep2-b01-figref-wedge-0814/01-cold-open-ipa-r0-w010-s3.png
0.4930	0.1318	farm-out/ep2-b01-figref-wedge-0814/01-cold-open-ipa-r0-w020-s0.png
0.4172	0.0681	farm-out/ep2-b01-figref-wedge-0814/01-cold-open-ipa-r0-w020-s1.png
0.1876	0.0924	farm-out/ep2-b01-figref-wedge-0814/01-cold-open-ipa-r0-w020-s2.png
0.3488	0.1181	farm-out/ep2-b01-figref-wedge-0814/01-cold-open-ipa-r0-w020-s3.png
0.0978	0.0172	farm-out/ep2-b01-final-055-0812/b01-final-055-s0.png
0.1040	0.0508	farm-out/ep2-b01-final-055-0812/b01-final-055-s1.png
0.0635	0.0040	farm-out/ep2-b01-final-055-0812/b01-final-055-s2.png
0.0606	0.0062	farm-out/ep2-b01-final-055-0812/b01-final-055-s3.png
0.0978	0.0172	farm-out/ep2-b01-final055-r3/b01-final055-i55-s0.png
0.0978	0.0172	farm-out/ep2-b01-nocrf/b01-fig-704x1280.png
0.0978	0.0172	farm-out/ep2-b01-pass/b01-fig-704x1280.png
0.0978	0.0172	farm-out/ep2-b01-passB/b01-fig-704x1280.png
0.0978	0.0172	farm-out/ep2-b01-purple/b01-fig-704x1280.png
0.0978	0.0172	farm-out/ep2-b01-purpleB/b01-fig-704x1280.png
0.0978	0.0172	farm-out/ep2-b01-shape-a2/b01-fig-704x1280.png
0.0978	0.0172	farm-out/ep2-b01-shape/b01-fig-704x1280.png
0.0978	0.0172	farm-out/ep2-b01-shapeB/b01-fig-704x1280.png
0.0704	0.0082	farm-out/ep2-b01-t2i-fig/01-cold-open-wave1-s2.png
0.1511	0.0109	farm-out/ep2-b01-t2i-fig/01-cold-open-wave1-s3.png
0.8413	0.8305	farm-out/ep2-b02-adult-a-0813/02-the-sprint-ipa-r0-w015-s0.png
0.8591	0.8509	farm-out/ep2-b02-adult-a-0813/02-the-sprint-ipa-r0-w015-s1.png
0.7379	0.7359	farm-out/ep2-b02-adult-a-0813/02-the-sprint-ipa-r0-w015-s2.png
0.8653	0.8646	farm-out/ep2-b02-adult-a-0813/02-the-sprint-ipa-r0-w015-s3.png
0.8413	0.8305	farm-out/ep2-b02-adult-a-0813/02-the-sprint-ipa-r1-w015-s0.png
0.8591	0.8509	farm-out/ep2-b02-adult-a-0813/02-the-sprint-ipa-r1-w015-s1.png
0.7379	0.7359	farm-out/ep2-b02-adult-a-0813/02-the-sprint-ipa-r1-w015-s2.png
0.8653	0.8646	farm-out/ep2-b02-adult-a-0813/02-the-sprint-ipa-r1-w015-s3.png
0.9769	0.9767	farm-out/ep2-b02-adult-a-0813/02-the-sprint-ipa-r2-w015-s0.png
0.9838	0.9836	farm-out/ep2-b02-adult-a-0813/02-the-sprint-ipa-r2-w015-s1.png
1.0000	1.0000	farm-out/ep2-b02-adult-a-0813/02-the-sprint-ipa-r2-w015-s2.png
0.9732	0.9729	farm-out/ep2-b02-adult-a-0813/02-the-sprint-ipa-r2-w015-s3.png
0.9769	0.9767	farm-out/ep2-b02-adult-a-0813/02-the-sprint-ipa-r3-w015-s0.png
0.9838	0.9836	farm-out/ep2-b02-adult-a-0813/02-the-sprint-ipa-r3-w015-s1.png
1.0000	1.0000	farm-out/ep2-b02-adult-b-0813/02-the-sprint-ipa-r3-w015-s2.png
0.9771	0.9770	farm-out/ep2-b02-adult-b-0813/02-the-sprint-ipa-r3-w015-s3.png
0.9769	0.9767	farm-out/ep2-b02-adultplate/b13-init-704x1280.png
0.9769	0.9767	farm-out/ep2-b02-adultplateB/b13-init-704x1280.png
0.3504	0.1376	farm-out/ep2-b02-final/b13-init-704x1280.png
0.3504	0.1376	farm-out/ep2-b02-finalB/b13-init-704x1280.png
0.2137	0.0580	farm-out/ep2-b02-goblin-founderpick-sample/02-the-sprint-ipa-r0-w015-s0.png
0.3408	0.3007	farm-out/ep2-b02-goblin-founderpick-sample/02-the-sprint-ipa-r0-w015-s1.png
0.0634	0.0105	farm-out/ep2-b01-styleprobe/b01-styleprobe-i25-s0.png
0.0747	0.0112	farm-out/ep2-b01-styleprobe/b01-styleprobe-i25-s1.png
0.0664	0.0083	farm-out/ep2-b01-styleprobe/b01-styleprobe-i40-s0.png
0.1006	0.0293	farm-out/ep2-b01-styleprobe/b01-styleprobe-i40-s1.png
0.0978	0.0172	farm-out/ep2-b01-styleprobe/b01-styleprobe-i55-s0.png
0.1040	0.0508	farm-out/ep2-b01-styleprobe/b01-styleprobe-i55-s1.png
0.2446	0.1922	farm-out/ep2-b01-t2i-fig/01-cold-open-wave1-s0.png
0.1271	0.0410	farm-out/ep2-b01-t2i-fig/01-cold-open-wave1-s1.png
0.7261	0.7254	farm-out/ep2-b02-adult-b-0813/02-the-sprint-ipa-r1-w015-s2.png
0.8654	0.8621	farm-out/ep2-b02-adult-b-0813/02-the-sprint-ipa-r1-w015-s3.png
0.9718	0.9706	farm-out/ep2-b02-adult-b-0813/02-the-sprint-ipa-r2-w015-s0.png
0.9779	0.9763	farm-out/ep2-b02-adult-b-0813/02-the-sprint-ipa-r2-w015-s1.png
1.0000	1.0000	farm-out/ep2-b02-adult-b-0813/02-the-sprint-ipa-r2-w015-s2.png
0.9771	0.9770	farm-out/ep2-b02-adult-b-0813/02-the-sprint-ipa-r2-w015-s3.png
0.9718	0.9706	farm-out/ep2-b02-adult-b-0813/02-the-sprint-ipa-r3-w015-s0.png
0.9779	0.9763	farm-out/ep2-b02-adult-b-0813/02-the-sprint-ipa-r3-w015-s1.png
1.0000	1.0000	farm-out/ep2-b02-adult-a-0813/02-the-sprint-ipa-r3-w015-s2.png
0.9732	0.9729	farm-out/ep2-b02-adult-a-0813/02-the-sprint-ipa-r3-w015-s3.png
0.6330	0.6139	farm-out/ep2-b02-adult-b-0813/02-the-sprint-ipa-r0-w015-s0.png
0.8141	0.8052	farm-out/ep2-b02-adult-b-0813/02-the-sprint-ipa-r0-w015-s1.png
0.7261	0.7254	farm-out/ep2-b02-adult-b-0813/02-the-sprint-ipa-r0-w015-s2.png
0.8654	0.8621	farm-out/ep2-b02-adult-b-0813/02-the-sprint-ipa-r0-w015-s3.png
0.6330	0.6139	farm-out/ep2-b02-adult-b-0813/02-the-sprint-ipa-r1-w015-s0.png
0.8141	0.8052	farm-out/ep2-b02-adult-b-0813/02-the-sprint-ipa-r1-w015-s1.png
0.0794	0.0023	farm-out/ep2-b02-goblin-founderpick-sample/02-the-sprint-ipa-r0-w015-s2.png
0.4552	0.3478	farm-out/ep2-b02-goblin-founderpick-sample/02-the-sprint-ipa-r0-w015-s3.png
0.2137	0.0580	farm-out/ep2-b02-goblin-founderpick-sample/02-the-sprint-ipa-r1-w015-s0.png
0.3408	0.3007	farm-out/ep2-b02-goblin-founderpick-sample/02-the-sprint-ipa-r1-w015-s1.png
0.0794	0.0023	farm-out/ep2-b02-goblin-founderpick-sample/02-the-sprint-ipa-r1-w015-s2.png
0.4552	0.3478	farm-out/ep2-b02-goblin-founderpick-sample/02-the-sprint-ipa-r1-w015-s3.png
0.2137	0.0580	farm-out/ep2-b02-goblin-founderpick-sample/02-the-sprint-ipa-r2-w015-s0.png
0.3408	0.3007	farm-out/ep2-b02-goblin-founderpick-sample/02-the-sprint-ipa-r2-w015-s1.png
0.0794	0.0023	farm-out/ep2-b02-goblin-founderpick-sample/02-the-sprint-ipa-r2-w015-s2.png
0.4552	0.3478	farm-out/ep2-b02-goblin-founderpick-sample/02-the-sprint-ipa-r2-w015-s3.png
0.2137	0.0580	farm-out/ep2-b02-goblin-founderpick-sample/02-the-sprint-ipa-r3-w015-s0.png
0.3408	0.3007	farm-out/ep2-b02-goblin-founderpick-sample/02-the-sprint-ipa-r3-w015-s1.png
0.0794	0.0023	farm-out/ep2-b02-goblin-founderpick-sample/02-the-sprint-ipa-r3-w015-s2.png
0.4552	0.3478	farm-out/ep2-b02-goblin-founderpick-sample/02-the-sprint-ipa-r3-w015-s3.png
0.0888	0.0351	farm-out/ep2-b02-goblin-hide/02-the-sprint-wave1-s0.png
0.0683	0.0374	farm-out/ep2-b02-goblin-hide/02-the-sprint-wave1-s1.png
0.3110	0.2539	farm-out/ep2-b02-goblin-ipa-crossbeat/02-the-sprint-ipa-r1-w015-s2.png
0.1958	0.0843	farm-out/ep2-b02-goblin-ipa-crossbeat/02-the-sprint-ipa-r1-w015-s3.png
0.1020	0.0018	farm-out/ep2-b02-goblin-ipa-crossbeat/02-the-sprint-ipa-r2-w015-s0.png
0.1998	0.0002	farm-out/ep2-b02-goblin-ipa-crossbeat/02-the-sprint-ipa-r2-w015-s1.png
0.2420	0.0002	farm-out/ep2-b02-goblin-ipa-crossbeat/02-the-sprint-ipa-r2-w015-s2.png
0.2128	0.0046	farm-out/ep2-b02-goblin-ipa-crossbeat/02-the-sprint-ipa-r2-w015-s3.png
0.4370	0.1944	farm-out/ep2-b02-goblin-ipa-crossbeat/02-the-sprint-ipa-r3-w015-s0.png
0.1965	0.1895	farm-out/ep2-b02-goblin-ipa-crossbeat/02-the-sprint-ipa-r3-w015-s1.png
0.0517	0.0103	farm-out/ep2-b02-goblin-hide/02-the-sprint-wave1-s2.png
0.0399	0.0046	farm-out/ep2-b02-goblin-hide/02-the-sprint-wave1-s3.png
0.1676	0.0292	farm-out/ep2-b02-goblin-ipa-crossbeat/02-the-sprint-ipa-r0-w015-s0.png
0.1570	0.1149	farm-out/ep2-b02-goblin-ipa-crossbeat/02-the-sprint-ipa-r0-w015-s1.png
0.2003	0.0027	farm-out/ep2-b02-goblin-ipa-crossbeat/02-the-sprint-ipa-r0-w015-s2.png
0.3656	0.3269	farm-out/ep2-b02-goblin-ipa-crossbeat/02-the-sprint-ipa-r0-w015-s3.png
0.3895	0.2433	farm-out/ep2-b02-goblin-ipa-crossbeat/02-the-sprint-ipa-r1-w015-s0.png
0.1369	0.1047	farm-out/ep2-b02-goblin-ipa-crossbeat/02-the-sprint-ipa-r1-w015-s1.png
0.3061	0.2279	farm-out/ep2-b02-goblin-ipa-crossbeat/02-the-sprint-ipa-r3-w015-s2.png
0.2600	0.0000	farm-out/ep2-b02-goblin-ipa-crossbeat/02-the-sprint-ipa-r3-w015-s3.png
0.0702	0.0002	farm-out/ep2-b02-goblin-occl/02-the-sprint-wave1-s0.png
0.1082	0.0026	farm-out/ep2-b02-goblin-occl/02-the-sprint-wave1-s1.png
0.0925	0.0356	farm-out/ep2-b02-goblin-occl/02-the-sprint-wave1-s2.png
0.2461	0.0055	farm-out/ep2-b02-goblin-occl/02-the-sprint-wave1-s3.png
0.1286	0.0030	farm-out/ep2-b02-goblin-occlbright/02-the-sprint-wave1-s0.png
0.5701	0.0015	farm-out/ep2-b02-goblin-occlbright/02-the-sprint-wave1-s1.png
0.1591	0.1008	farm-out/ep2-b02-goblin-occlbright/02-the-sprint-wave1-s2.png
0.0412	0.0056	farm-out/ep2-b02-goblin-occlbright/02-the-sprint-wave1-s3.png
0.1016	0.0163	farm-out/ep2-b02-idfix-r2/02-the-sprint-wave1-s0.png
0.0650	0.0295	farm-out/ep2-b02-idfix-r2/02-the-sprint-wave1-s1.png
0.0747	0.0010	farm-out/ep2-b02-idfix-r2/02-the-sprint-wave1-s2.png
0.1516	0.0000	farm-out/ep2-b02-idfix-r2/02-the-sprint-wave1-s3.png
0.0625	0.0070	farm-out/ep2-b02-idfix/02-the-sprint-wave1-s0.png
0.1053	0.0124	farm-out/ep2-b02-idfix/02-the-sprint-wave1-s1.png
0.0631	0.0038	farm-out/ep2-b02-idfix/02-the-sprint-wave1-s2.png
0.1432	0.0004	farm-out/ep2-b02-idfix/02-the-sprint-wave1-s3.png
0.5100	0.0153	farm-out/ep2-b02-ipa-charref-0812/02-the-sprint-ipa-r0-w015-s0.png
0.3012	0.0295	farm-out/ep2-b02-ipa-charref-0812/02-the-sprint-ipa-r0-w015-s1.png
0.1868	0.0371	farm-out/ep2-b02-ipa-charref-0812/02-the-sprint-ipa-r0-w015-s2.png
0.1738	0.0087	farm-out/ep2-b02-ipa-charref-0812/02-the-sprint-ipa-r0-w015-s3.png
0.5814	0.5167	farm-out/ep2-b02-ipa-charref-0812/02-the-sprint-ipa-r1-w015-s0.png
0.3175	0.1299	farm-out/ep2-b02-ipa-charref-0812/02-the-sprint-ipa-r1-w015-s1.png
0.2575	0.2025	farm-out/ep2-b02-ipa-charref-0812/02-the-sprint-ipa-r1-w015-s2.png
0.3558	0.0429	farm-out/ep2-b02-ipa-charref-0812/02-the-sprint-ipa-r1-w015-s3.png
0.6077	0.0603	farm-out/ep2-b02-ipa-charref-0812/02-the-sprint-ipa-r2-w015-s0.png
0.2341	0.0519	farm-out/ep2-b02-ipa-charref-0812/02-the-sprint-ipa-r2-w015-s1.png
0.2892	0.2050	farm-out/ep2-b02-ipa-charref-0812/02-the-sprint-ipa-r2-w015-s2.png
0.3345	0.0061	farm-out/ep2-b02-ipa-charref-0812/02-the-sprint-ipa-r2-w015-s3.png
0.1631	0.0340	farm-out/ep2-b02-ipa-charref-0812/02-the-sprint-ipa-r3-w015-s0.png
0.4569	0.4009	farm-out/ep2-b02-ipa-charref-0812/02-the-sprint-ipa-r3-w015-s1.png
0.0839	0.0068	farm-out/ep2-b02-ipa-charref-0812/02-the-sprint-ipa-r3-w015-s2.png
0.1355	0.0089	farm-out/ep2-b02-ipa-charref-0812/02-the-sprint-ipa-r3-w015-s3.png
0.5100	0.0153	farm-out/ep2-b02-ipa-cropscope-0812/02-the-sprint-ipa-r0-w015-s0.png
0.3012	0.0295	farm-out/ep2-b02-ipa-cropscope-0812/02-the-sprint-ipa-r0-w015-s1.png
0.1868	0.0371	farm-out/ep2-b02-ipa-cropscope-0812/02-the-sprint-ipa-r0-w015-s2.png
0.1738	0.0087	farm-out/ep2-b02-ipa-cropscope-0812/02-the-sprint-ipa-r0-w015-s3.png
0.1128	0.0006	farm-out/ep2-b02-ipa-cropscope-0812/02-the-sprint-ipa-r1-w015-s0.png
0.2408	0.0219	farm-out/ep2-b02-ipa-cropscope-0812/02-the-sprint-ipa-r1-w015-s1.png
0.2557	0.1208	farm-out/ep2-b02-ipa-cropscope-0812/02-the-sprint-ipa-r1-w015-s2.png
0.1637	0.1555	farm-out/ep2-b02-ipa-cropscope-0812/02-the-sprint-ipa-r1-w015-s3.png
0.7998	0.7895	farm-out/ep2-b02-ipa-cropscope-0812/02-the-sprint-ipa-r2-w015-s0.png
0.5492	0.5141	farm-out/ep2-b02-ipa-cropscope-0812/02-the-sprint-ipa-r2-w015-s1.png
0.1195	0.0223	farm-out/ep2-b02-ipa-cropscope-0812/02-the-sprint-ipa-r2-w015-s2.png
0.5570	0.5542	farm-out/ep2-b02-ipa-cropscope-0812/02-the-sprint-ipa-r2-w015-s3.png
0.7442	0.7376	farm-out/ep2-b02-ipa-cropscope-0812/02-the-sprint-ipa-r3-w015-s0.png
0.9908	0.9906	farm-out/ep2-b02-ipa-cropscope-0812/02-the-sprint-ipa-r3-w015-s1.png
0.9114	0.9079	farm-out/ep2-b02-ipa-cropscope-0812/02-the-sprint-ipa-r3-w015-s2.png
0.9948	0.9946	farm-out/ep2-b02-ipa-cropscope-0812/02-the-sprint-ipa-r3-w015-s3.png
0.3504	0.1376	farm-out/ep2-b02-lw/b13-init-704x1280.png
0.3504	0.1376	farm-out/ep2-b02-nw-0815/b02-init-704x1280.png
0.3504	0.1376	farm-out/ep2-b02-nwB-0815/b02-init-704x1280.png
0.3504	0.1376	farm-out/ep2-b02-plate-0814/02-the-sprint-ipa-r0-w015-s0.png
0.1586	0.0214	farm-out/ep2-b02-plate-0814/02-the-sprint-ipa-r0-w015-s1.png
0.3197	0.1071	farm-out/ep2-b02-plate-0814/02-the-sprint-ipa-r0-w015-s2.png
0.0802	0.0413	farm-out/ep2-b02-plate-0814/02-the-sprint-ipa-r2-w015-s3.png
0.0389	0.0002	farm-out/ep2-b02-plate-0814/02-the-sprint-ipa-r3-w015-s0.png
0.1725	0.0780	farm-out/ep2-b02-plate-0814/02-the-sprint-ipa-r3-w015-s1.png
0.1607	0.1283	farm-out/ep2-b02-plate-0814/02-the-sprint-ipa-r3-w015-s2.png
0.1836	0.1407	farm-out/ep2-b02-plate-0814/02-the-sprint-ipa-r3-w015-s3.png
0.3504	0.1376	farm-out/ep2-b02-refire/b13-init-704x1280.png
0.3504	0.1376	farm-out/ep2-b02-refireB/b13-init-704x1280.png
0.3504	0.1376	farm-out/ep2-b02-stg-headup-0815/b02-init-704x1280.png
0.3504	0.1376	farm-out/ep2-b02-stg-headup-193f-0815/b02-init-704x1280.png
0.3504	0.1376	farm-out/ep2-b02-stg-headup-49f-0815/b02-init-704x1280.png
0.8088	0.7875	farm-out/ep2-b02-train-r1-0812/02-the-sprint-ipa-r0-w015-s0.png
0.9091	0.9086	farm-out/ep2-b02-train-r1-0812/02-the-sprint-ipa-r0-w015-s1.png
0.7261	0.7185	farm-out/ep2-b02-train-r1-0812/02-the-sprint-ipa-r0-w015-s2.png
0.8953	0.8942	farm-out/ep2-b02-train-r1-0812/02-the-sprint-ipa-r0-w015-s3.png
0.8088	0.7875	farm-out/ep2-b02-train-r1-0812/02-the-sprint-ipa-r1-w015-s0.png
0.9091	0.9086	farm-out/ep2-b02-train-r1-0812/02-the-sprint-ipa-r1-w015-s1.png
0.1044	0.0439	farm-out/ep2-b02-plate-0814/02-the-sprint-ipa-r0-w015-s3.png
0.0370	0.0111	farm-out/ep2-b02-plate-0814/02-the-sprint-ipa-r1-w015-s0.png
0.1844	0.0644	farm-out/ep2-b02-plate-0814/02-the-sprint-ipa-r1-w015-s1.png
0.2049	0.0864	farm-out/ep2-b02-plate-0814/02-the-sprint-ipa-r1-w015-s2.png
0.2282	0.1337	farm-out/ep2-b02-plate-0814/02-the-sprint-ipa-r1-w015-s3.png
0.3489	0.1053	farm-out/ep2-b02-plate-0814/02-the-sprint-ipa-r2-w015-s0.png
0.1365	0.0654	farm-out/ep2-b02-plate-0814/02-the-sprint-ipa-r2-w015-s1.png
0.2575	0.0120	farm-out/ep2-b02-plate-0814/02-the-sprint-ipa-r2-w015-s2.png
1.0000	1.0000	farm-out/ep2-b02-train-r1-0812/02-the-sprint-ipa-r3-w015-s2.png
0.9748	0.9748	farm-out/ep2-b02-train-r1-0812/02-the-sprint-ipa-r3-w015-s3.png
0.3504	0.1376	farm-out/ep2-b02-wave/b13-init-704x1280.png
0.3504	0.1376	farm-out/ep2-b02-waveB/b13-init-704x1280.png
0.9769	0.9767	farm-out/ep2-b02-world/b13-init-704x1280.png
0.9769	0.9767	farm-out/ep2-b02-worldB/b13-init-704x1280.png
0.6905	0.6889	farm-out/ep2-b03-adultplate-0813/03-bad-cover-ipa-r0-w015-s0.png
0.8345	0.8257	farm-out/ep2-b03-adultplate-0813/03-bad-cover-ipa-r0-w015-s1.png
0.7261	0.7185	farm-out/ep2-b02-train-r1-0812/02-the-sprint-ipa-r1-w015-s2.png
0.8953	0.8942	farm-out/ep2-b02-train-r1-0812/02-the-sprint-ipa-r1-w015-s3.png
0.9913	0.9913	farm-out/ep2-b02-train-r1-0812/02-the-sprint-ipa-r2-w015-s0.png
0.9982	0.9981	farm-out/ep2-b02-train-r1-0812/02-the-sprint-ipa-r2-w015-s1.png
1.0000	1.0000	farm-out/ep2-b02-train-r1-0812/02-the-sprint-ipa-r2-w015-s2.png
0.9748	0.9748	farm-out/ep2-b02-train-r1-0812/02-the-sprint-ipa-r2-w015-s3.png
0.9913	0.9913	farm-out/ep2-b02-train-r1-0812/02-the-sprint-ipa-r3-w015-s0.png
0.9982	0.9981	farm-out/ep2-b02-train-r1-0812/02-the-sprint-ipa-r3-w015-s1.png
0.8344	0.8218	farm-out/ep2-b03-adultplate-0813/03-bad-cover-ipa-r0-w015-s2.png
0.8334	0.8304	farm-out/ep2-b03-adultplate-0813/03-bad-cover-ipa-r0-w015-s3.png
0.6905	0.6889	farm-out/ep2-b03-adultplate-0813/03-bad-cover-ipa-r1-w015-s0.png
0.8345	0.8257	farm-out/ep2-b03-adultplate-0813/03-bad-cover-ipa-r1-w015-s1.png
0.8344	0.8218	farm-out/ep2-b03-adultplate-0813/03-bad-cover-ipa-r1-w015-s2.png
0.8334	0.8304	farm-out/ep2-b03-adultplate-0813/03-bad-cover-ipa-r1-w015-s3.png
0.9586	0.9583	farm-out/ep2-b03-adultplate-0813/03-bad-cover-ipa-r2-w015-s0.png
0.9827	0.9823	farm-out/ep2-b03-adultplate-0813/03-bad-cover-ipa-r2-w015-s1.png
0.9346	0.9334	farm-out/ep2-b03-adultplate-0813/03-bad-cover-ipa-r2-w015-s2.png
0.9837	0.9828	farm-out/ep2-b03-adultplate-0813/03-bad-cover-ipa-r2-w015-s3.png
0.9586	0.9583	farm-out/ep2-b03-adultplate-0813/03-bad-cover-ipa-r3-w015-s0.png
0.9827	0.9823	farm-out/ep2-b03-adultplate-0813/03-bad-cover-ipa-r3-w015-s1.png
0.9346	0.9334	farm-out/ep2-b03-adultplate-0813/03-bad-cover-ipa-r3-w015-s2.png
0.9837	0.9828	farm-out/ep2-b03-adultplate-0813/03-bad-cover-ipa-r3-w015-s3.png
0.8326	0.8260	farm-out/ep2-b03-crouch/b03-init-704x1280.png
0.2207	0.0088	farm-out/ep2-b03-field-solo/03-bad-cover-wave1-s0.png
0.8326	0.8260	farm-out/ep2-b03-leafB/b03-init-704x1280.png
0.1842	0.0496	farm-out/ep2-b03-lw/b13-init-704x1280.png
0.8326	0.8260	farm-out/ep2-b03-motion/b03-init-704x1280.png
0.1842	0.0496	farm-out/ep2-b03-negconf-base-0815/b03-init-704x1280.png
0.1842	0.0496	farm-out/ep2-b03-negconf-mot-0815/b03-init-704x1280.png
0.1842	0.0496	farm-out/ep2-b03-nw-0815/b03-init-704x1280.png
0.8326	0.8260	farm-out/ep2-b03-object/b03-init-704x1280.png
0.1842	0.0496	farm-out/ep2-b03-plate-0814/03-bad-cover-ipa-r0-w015-s0.png
1.0000	1.0000	farm-out/ep2-b03-ipa-frozen-0812/03-bad-cover-ipa-r2-w015-s1.png
0.8522	0.8443	farm-out/ep2-b03-ipa-frozen-0812/03-bad-cover-ipa-r2-w015-s2.png
0.5831	0.5829	farm-out/ep2-b03-ipa-frozen-0812/03-bad-cover-ipa-r2-w015-s3.png
0.9637	0.9635	farm-out/ep2-b03-ipa-frozen-0812/03-bad-cover-ipa-r3-w015-s0.png
1.0000	1.0000	farm-out/ep2-b03-ipa-frozen-0812/03-bad-cover-ipa-r3-w015-s1.png
0.8522	0.8443	farm-out/ep2-b03-ipa-frozen-0812/03-bad-cover-ipa-r3-w015-s2.png
0.5831	0.5829	farm-out/ep2-b03-ipa-frozen-0812/03-bad-cover-ipa-r3-w015-s3.png
0.8326	0.8260	farm-out/ep2-b03-leaf/b03-init-704x1280.png
0.8326	0.8260	farm-out/ep2-b03-ipa-frozen-0812/03-bad-cover-ipa-r0-w015-s1.png
0.8505	0.8499	farm-out/ep2-b03-ipa-frozen-0812/03-bad-cover-ipa-r0-w015-s2.png
0.8917	0.8863	farm-out/ep2-b03-ipa-frozen-0812/03-bad-cover-ipa-r0-w015-s3.png
0.6652	0.6488	farm-out/ep2-b03-ipa-frozen-0812/03-bad-cover-ipa-r1-w015-s0.png
0.8326	0.8260	farm-out/ep2-b03-ipa-frozen-0812/03-bad-cover-ipa-r1-w015-s1.png
0.8505	0.8499	farm-out/ep2-b03-ipa-frozen-0812/03-bad-cover-ipa-r1-w015-s2.png
0.8917	0.8863	farm-out/ep2-b03-ipa-frozen-0812/03-bad-cover-ipa-r1-w015-s3.png
0.9637	0.9635	farm-out/ep2-b03-ipa-frozen-0812/03-bad-cover-ipa-r2-w015-s0.png
0.3540	0.0550	farm-out/ep2-b03-field-solo/03-bad-cover-wave1-s1.png
0.1803	0.0017	farm-out/ep2-b03-field-solo/03-bad-cover-wave1-s2.png
0.3090	0.0370	farm-out/ep2-b03-field-solo/03-bad-cover-wave1-s3.png
0.0282	0.0007	farm-out/ep2-b03-idfix/03-bad-cover-wave1-s0.png
0.1022	0.0023	farm-out/ep2-b03-idfix/03-bad-cover-wave1-s1.png
0.0853	0.0011	farm-out/ep2-b03-idfix/03-bad-cover-wave1-s2.png
0.0795	0.0036	farm-out/ep2-b03-idfix/03-bad-cover-wave1-s3.png
0.6652	0.6488	farm-out/ep2-b03-ipa-frozen-0812/03-bad-cover-ipa-r0-w015-s0.png
0.1164	0.0101	farm-out/ep2-b03-plate-0814/03-bad-cover-ipa-r0-w015-s1.png
0.1479	0.0881	farm-out/ep2-b03-plate-0814/03-bad-cover-ipa-r0-w015-s2.png
0.1184	0.0413	farm-out/ep2-b03-plate-0814/03-bad-cover-ipa-r0-w015-s3.png
0.2045	0.1273	farm-out/ep2-b03-plate-0814/03-bad-cover-ipa-r1-w015-s0.png
0.2052	0.0626	farm-out/ep2-b03-plate-0814/03-bad-cover-ipa-r1-w015-s1.png
0.3576	0.0607	farm-out/ep2-b03-plate-0814/03-bad-cover-ipa-r1-w015-s2.png
0.3185	0.0003	farm-out/ep2-b03-plate-0814/03-bad-cover-ipa-r1-w015-s3.png
0.2641	0.0612	farm-out/ep2-b03-plate-0814/03-bad-cover-ipa-r2-w015-s0.png
0.8326	0.8260	farm-out/ep2-b03-poolD/b03-init-704x1280.png
0.1842	0.0496	farm-out/ep2-b03-refire/b13-init-704x1280.png
0.1842	0.0496	farm-out/ep2-b03-refireB/b13-init-704x1280.png
0.1302	0.0044	farm-out/ep2-b03-scene-wedge-0813/03-bad-cover-ipa-r0-w010-s0.png
0.2617	0.0090	farm-out/ep2-b03-scene-wedge-0813/03-bad-cover-ipa-r0-w010-s1.png
0.3782	0.3459	farm-out/ep2-b03-scene-wedge-0813/03-bad-cover-ipa-r0-w010-s2.png
0.4151	0.0805	farm-out/ep2-b03-scene-wedge-0813/03-bad-cover-ipa-r0-w010-s3.png
0.3216	0.1462	farm-out/ep2-b03-scene-wedge-0813/03-bad-cover-ipa-r0-w020-s0.png
0.2836	0.1318	farm-out/ep2-b03-plate-0814/03-bad-cover-ipa-r2-w015-s1.png
0.1161	0.0044	farm-out/ep2-b03-plate-0814/03-bad-cover-ipa-r2-w015-s2.png
0.2378	0.1393	farm-out/ep2-b03-plate-0814/03-bad-cover-ipa-r2-w015-s3.png
0.0219	0.0021	farm-out/ep2-b03-plate-0814/03-bad-cover-ipa-r3-w015-s0.png
0.0514	0.0099	farm-out/ep2-b03-plate-0814/03-bad-cover-ipa-r3-w015-s1.png
0.2204	0.1132	farm-out/ep2-b03-plate-0814/03-bad-cover-ipa-r3-w015-s2.png
0.1279	0.0224	farm-out/ep2-b03-plate-0814/03-bad-cover-ipa-r3-w015-s3.png
0.8326	0.8260	farm-out/ep2-b03-poolC/b03-init-704x1280.png
0.3100	0.0475	farm-out/ep2-b03-scene-wedge-0813/03-bad-cover-ipa-r0-w020-s1.png
0.5023	0.3903	farm-out/ep2-b03-scene-wedge-0813/03-bad-cover-ipa-r0-w020-s2.png
0.4617	0.4081	farm-out/ep2-b03-scene-wedge-0813/03-bad-cover-ipa-r0-w020-s3.png
0.1472	0.0086	farm-out/ep2-b03-sceneref-0813/03-bad-cover-ipa-r0-w015-s0.png
0.0825	0.0003	farm-out/ep2-b03-sceneref-0813/03-bad-cover-ipa-r0-w015-s1.png
0.0810	0.0116	farm-out/ep2-b03-sceneref-0813/03-bad-cover-ipa-r0-w015-s2.png
0.0989	0.0001	farm-out/ep2-b03-sceneref-0813/03-bad-cover-ipa-r0-w015-s3.png
0.1404	0.0000	farm-out/ep2-b03-sceneref-0813/03-bad-cover-ipa-r1-w015-s0.png
0.1214	0.0245	farm-out/ep2-b03-sceneref-0813/03-bad-cover-ipa-r3-w015-s1.png
0.2898	0.0151	farm-out/ep2-b03-sceneref-0813/03-bad-cover-ipa-r3-w015-s2.png
0.2417	0.0048	farm-out/ep2-b03-sceneref-0813/03-bad-cover-ipa-r3-w015-s3.png
0.8326	0.8260	farm-out/ep2-b03-seedB/b03-init-704x1280.png
0.8326	0.8260	farm-out/ep2-b03-stable/b03-init-704x1280.png
0.8326	0.8260	farm-out/ep2-b03-stableB/b03-init-704x1280.png
0.8326	0.8260	farm-out/ep2-b03-warm/b03-init-704x1280.png
0.8326	0.8260	farm-out/ep2-b03-warmB/b03-init-704x1280.png
0.1842	0.0496	farm-out/ep2-b03-wave/b13-init-704x1280.png
0.1842	0.0496	farm-out/ep2-b03-waveB/b13-init-704x1280.png
0.6828	0.6819	farm-out/ep2-b04-adultplate-0813/04-the-footnote-ipa-r0-w015-s0.png
0.7775	0.7694	farm-out/ep2-b04-adultplate-0813/04-the-footnote-ipa-r0-w015-s1.png
0.7176	0.7168	farm-out/ep2-b04-adultplate-0813/04-the-footnote-ipa-r0-w015-s2.png
0.6561	0.6429	farm-out/ep2-b04-adultplate-0813/04-the-footnote-ipa-r0-w015-s3.png
0.6828	0.6819	farm-out/ep2-b04-adultplate-0813/04-the-footnote-ipa-r1-w015-s0.png
0.7775	0.7694	farm-out/ep2-b04-adultplate-0813/04-the-footnote-ipa-r1-w015-s1.png
0.0904	0.0031	farm-out/ep2-b03-sceneref-0813/03-bad-cover-ipa-r1-w015-s1.png
0.1425	0.0000	farm-out/ep2-b03-sceneref-0813/03-bad-cover-ipa-r1-w015-s2.png
0.1263	0.0019	farm-out/ep2-b03-sceneref-0813/03-bad-cover-ipa-r1-w015-s3.png
0.2317	0.1313	farm-out/ep2-b03-sceneref-0813/03-bad-cover-ipa-r2-w015-s0.png
0.1494	0.0204	farm-out/ep2-b03-sceneref-0813/03-bad-cover-ipa-r2-w015-s1.png
0.2553	0.0169	farm-out/ep2-b03-sceneref-0813/03-bad-cover-ipa-r2-w015-s2.png
0.2378	0.0278	farm-out/ep2-b03-sceneref-0813/03-bad-cover-ipa-r2-w015-s3.png
0.1802	0.0000	farm-out/ep2-b03-sceneref-0813/03-bad-cover-ipa-r3-w015-s0.png
0.7176	0.7168	farm-out/ep2-b04-adultplate-0813/04-the-footnote-ipa-r1-w015-s2.png
0.6561	0.6429	farm-out/ep2-b04-adultplate-0813/04-the-footnote-ipa-r1-w015-s3.png
0.9483	0.9477	farm-out/ep2-b04-adultplate-0813/04-the-footnote-ipa-r2-w015-s0.png
0.9121	0.9118	farm-out/ep2-b04-adultplate-0813/04-the-footnote-ipa-r2-w015-s1.png
0.0349	0.0006	farm-out/ep2-b04-adultplate-0813/04-the-footnote-ipa-r2-w015-s2.png
0.6393	0.6366	farm-out/ep2-b04-adultplate-0813/04-the-footnote-ipa-r2-w015-s3.png
0.9483	0.9477	farm-out/ep2-b04-adultplate-0813/04-the-footnote-ipa-r3-w015-s0.png
0.9121	0.9118	farm-out/ep2-b04-adultplate-0813/04-the-footnote-ipa-r3-w015-s1.png
0.0329	0.0019	farm-out/ep2-b04-adultplate-r2-0813/04-the-footnote-ipa-r3-w015-s2.png
0.5255	0.5195	farm-out/ep2-b04-adultplate-r2-0813/04-the-footnote-ipa-r3-w015-s3.png
0.0908	0.0625	farm-out/ep2-b04-balloon-pair/b04-init-704x1280.png
0.8466	0.8423	farm-out/ep2-b04-crouchplate-0815/04-the-footnote-ipa-r0-w015-s0.png
0.8649	0.8624	farm-out/ep2-b04-crouchplate-0815/04-the-footnote-ipa-r0-w015-s1.png
0.5511	0.5470	farm-out/ep2-b04-crouchplate-0815/04-the-footnote-ipa-r0-w015-s2.png
0.6533	0.6476	farm-out/ep2-b04-crouchplate-0815/04-the-footnote-ipa-r0-w015-s3.png
1.0000	1.0000	farm-out/ep2-b04-crouchplate-0815/04-the-footnote-ipa-r1-w015-s0.png
0.0349	0.0006	farm-out/ep2-b04-adultplate-0813/04-the-footnote-ipa-r3-w015-s2.png
0.6393	0.6366	farm-out/ep2-b04-adultplate-0813/04-the-footnote-ipa-r3-w015-s3.png
0.6727	0.6693	farm-out/ep2-b04-adultplate-r2-0813/04-the-footnote-ipa-r0-w015-s0.png
0.7720	0.7632	farm-out/ep2-b04-adultplate-r2-0813/04-the-footnote-ipa-r0-w015-s1.png
0.6341	0.6292	farm-out/ep2-b04-adultplate-r2-0813/04-the-footnote-ipa-r0-w015-s2.png
0.2846	0.2150	farm-out/ep2-b04-adultplate-r2-0813/04-the-footnote-ipa-r0-w015-s3.png
0.6727	0.6693	farm-out/ep2-b04-adultplate-r2-0813/04-the-footnote-ipa-r1-w015-s0.png
0.7720	0.7632	farm-out/ep2-b04-adultplate-r2-0813/04-the-footnote-ipa-r1-w015-s1.png
0.6341	0.6292	farm-out/ep2-b04-adultplate-r2-0813/04-the-footnote-ipa-r1-w015-s2.png
0.2846	0.2150	farm-out/ep2-b04-adultplate-r2-0813/04-the-footnote-ipa-r1-w015-s3.png
0.9493	0.9473	farm-out/ep2-b04-adultplate-r2-0813/04-the-footnote-ipa-r2-w015-s0.png
0.8724	0.8703	farm-out/ep2-b04-adultplate-r2-0813/04-the-footnote-ipa-r2-w015-s1.png
0.0329	0.0019	farm-out/ep2-b04-adultplate-r2-0813/04-the-footnote-ipa-r2-w015-s2.png
0.5255	0.5195	farm-out/ep2-b04-adultplate-r2-0813/04-the-footnote-ipa-r2-w015-s3.png
0.9493	0.9473	farm-out/ep2-b04-adultplate-r2-0813/04-the-footnote-ipa-r3-w015-s0.png
0.8724	0.8703	farm-out/ep2-b04-adultplate-r2-0813/04-the-footnote-ipa-r3-w015-s1.png
0.9992	0.9991	farm-out/ep2-b04-crouchplate-0815/04-the-footnote-ipa-r1-w015-s1.png
1.0000	1.0000	farm-out/ep2-b04-crouchplate-0815/04-the-footnote-ipa-r1-w015-s2.png
0.9930	0.9928	farm-out/ep2-b04-crouchplate-0815/04-the-footnote-ipa-r1-w015-s3.png
1.0000	1.0000	farm-out/ep2-b04-crouchplate-0815/04-the-footnote-ipa-r2-w015-s0.png
0.9995	0.9995	farm-out/ep2-b04-crouchplate-0815/04-the-footnote-ipa-r2-w015-s1.png
1.0000	1.0000	farm-out/ep2-b04-crouchplate-0815/04-the-footnote-ipa-r2-w015-s2.png
1.0000	1.0000	farm-out/ep2-b04-crouchplate-0815/04-the-footnote-ipa-r2-w015-s3.png
1.0000	1.0000	farm-out/ep2-b04-crouchplate-0815/04-the-footnote-ipa-r3-w015-s0.png
1.0000	1.0000	farm-out/ep2-b04-crouchplate-0815/04-the-footnote-ipa-r3-w015-s1.png
1.0000	1.0000	farm-out/ep2-b04-crouchplate-0815/04-the-footnote-ipa-r3-w015-s2.png
1.0000	1.0000	farm-out/ep2-b04-crouchplate-0815/04-the-footnote-ipa-r3-w015-s3.png
1.0000	1.0000	farm-out/ep2-b04-d1margin-0815/04-the-footnote-ipa-r0-w015-s0.png
1.0000	1.0000	farm-out/ep2-b04-d1margin-0815/04-the-footnote-ipa-r0-w015-s1.png
0.9969	0.9963	farm-out/ep2-b04-d1margin-0815/04-the-footnote-ipa-r0-w015-s2.png
0.9868	0.9859	farm-out/ep2-b04-d1margin-0815/04-the-footnote-ipa-r0-w015-s3.png
0.9979	0.9976	farm-out/ep2-b04-d1margin-0815/04-the-footnote-ipa-r1-w015-s0.png
0.9994	0.9993	farm-out/ep2-b04-d1margin-0815/04-the-footnote-ipa-r1-w015-s1.png
0.9814	0.9810	farm-out/ep2-b04-d1margin-0815/04-the-footnote-ipa-r1-w015-s2.png
0.9762	0.9752	farm-out/ep2-b04-d1margin-0815/04-the-footnote-ipa-r1-w015-s3.png
0.9957	0.9953	farm-out/ep2-b04-d1margin-0815/04-the-footnote-ipa-r2-w015-s0.png
0.9988	0.9987	farm-out/ep2-b04-d1margin-0815/04-the-footnote-ipa-r2-w015-s1.png
0.9994	0.9991	farm-out/ep2-b04-d1margin-0815/04-the-footnote-ipa-r2-w015-s2.png
0.9969	0.9894	farm-out/ep2-b04-d1margin-0815/04-the-footnote-ipa-r2-w015-s3.png
0.9851	0.9845	farm-out/ep2-b04-d1margin-0815/04-the-footnote-ipa-r3-w015-s0.png
0.9995	0.9994	farm-out/ep2-b04-d1margin-0815/04-the-footnote-ipa-r3-w015-s1.png
0.9941	0.9935	farm-out/ep2-b04-d1margin-0815/04-the-footnote-ipa-r3-w015-s2.png
0.9993	0.9988	farm-out/ep2-b04-d1margin-0815/04-the-footnote-ipa-r3-w015-s3.png
0.9025	0.8977	farm-out/ep2-b04-d1refs-0815/04-the-footnote-ipa-r0-w015-s0.png
0.8149	0.8080	farm-out/ep2-b04-d1refs-0815/04-the-footnote-ipa-r0-w015-s1.png
0.8403	0.8362	farm-out/ep2-b04-d1refs-0815/04-the-footnote-ipa-r0-w015-s2.png
0.6032	0.5791	farm-out/ep2-b04-d1refs-0815/04-the-footnote-ipa-r0-w015-s3.png
0.9595	0.9570	farm-out/ep2-b04-d1refs-0815/04-the-footnote-ipa-r1-w015-s0.png
0.8462	0.8434	farm-out/ep2-b04-d1refs-0815/04-the-footnote-ipa-r1-w015-s1.png
0.8008	0.7928	farm-out/ep2-b04-d1refs-0815/04-the-footnote-ipa-r1-w015-s2.png
0.6673	0.6593	farm-out/ep2-b04-d1refs-0815/04-the-footnote-ipa-r1-w015-s3.png
0.8995	0.8980	farm-out/ep2-b04-d1refs-0815/04-the-footnote-ipa-r2-w015-s0.png
0.8382	0.8341	farm-out/ep2-b04-d1refs-0815/04-the-footnote-ipa-r2-w015-s1.png
0.9830	0.9825	farm-out/ep2-b04-d1refs-0815/04-the-footnote-ipa-r2-w015-s2.png
0.9771	0.9754	farm-out/ep2-b04-d1refs-0815/04-the-footnote-ipa-r2-w015-s3.png
0.8796	0.7023	farm-out/ep2-b04-d1refs-0815/04-the-footnote-ipa-r3-w015-s0.png
0.7473	0.7432	farm-out/ep2-b04-d1refs-0815/04-the-footnote-ipa-r3-w015-s1.png
0.9109	0.9100	farm-out/ep2-b04-d1refs-0815/04-the-footnote-ipa-r3-w015-s2.png
0.7743	0.7182	farm-out/ep2-b04-d1refs-0815/04-the-footnote-ipa-r3-w015-s3.png
0.3002	0.0004	farm-out/ep2-b04-d1stand-0815/04-the-footnote-ipa-r0-w015-s0.png
0.1768	0.0573	farm-out/ep2-b04-d1stand-0815/04-the-footnote-ipa-r0-w015-s1.png
0.3012	0.0007	farm-out/ep2-b04-d1stand-0815/04-the-footnote-ipa-r0-w015-s2.png
0.3154	0.0524	farm-out/ep2-b04-d1stand-0815/04-the-footnote-ipa-r0-w015-s3.png
0.3064	0.1985	farm-out/ep2-b04-d1stand-0815/04-the-footnote-ipa-r1-w015-s0.png
0.2351	0.0002	farm-out/ep2-b04-d1stand-0815/04-the-footnote-ipa-r1-w015-s1.png
0.4039	0.1855	farm-out/ep2-b04-d1stand-0815/04-the-footnote-ipa-r1-w015-s2.png
0.1360	0.0000	farm-out/ep2-b04-d1stand-0815/04-the-footnote-ipa-r1-w015-s3.png
0.3197	0.0000	farm-out/ep2-b04-d1stand-0815/04-the-footnote-ipa-r2-w015-s0.png
0.3720	0.0027	farm-out/ep2-b04-d1stand-0815/04-the-footnote-ipa-r2-w015-s1.png
0.4004	0.0000	farm-out/ep2-b04-d1stand-0815/04-the-footnote-ipa-r2-w015-s2.png
0.4732	0.1425	farm-out/ep2-b04-d1stand-0815/04-the-footnote-ipa-r2-w015-s3.png
0.1706	0.0213	farm-out/ep2-b04-d1stand-0815/04-the-footnote-ipa-r3-w015-s0.png
0.1786	0.0000	farm-out/ep2-b04-d1stand-0815/04-the-footnote-ipa-r3-w015-s1.png
0.0783	0.0111	farm-out/ep2-b04-d1stand-0815/04-the-footnote-ipa-r3-w015-s2.png
0.2660	0.1953	farm-out/ep2-b04-d1stand-0815/04-the-footnote-ipa-r3-w015-s3.png
0.0781	0.0098	farm-out/ep2-b04-fieldban/04-the-footnote-wave1-s0.png
0.1242	0.0063	farm-out/ep2-b04-fieldban/04-the-footnote-wave1-s1.png
0.2239	0.2042	farm-out/ep2-b04-fieldban/04-the-footnote-wave1-s2.png
0.1578	0.0168	farm-out/ep2-b04-fieldban/04-the-footnote-wave1-s3.png
0.2837	0.1340	farm-out/ep2-b04-goblin-close/04-the-footnote-wave1-s0.png
0.2248	0.0080	farm-out/ep2-b04-goblin-close/04-the-footnote-wave1-s1.png
0.0527	0.0088	farm-out/ep2-b04-goblin-close/04-the-footnote-wave1-s2.png
0.2456	0.1578	farm-out/ep2-b04-goblin-close/04-the-footnote-wave1-s3.png
0.1094	0.0649	farm-out/ep2-b04-goblin-field/04-the-footnote-wave1-s0.png
0.2027	0.0898	farm-out/ep2-b04-goblin-field/04-the-footnote-wave1-s1.png
0.1096	0.0402	farm-out/ep2-b04-goblin-field/04-the-footnote-wave1-s2.png
0.1051	0.0554	farm-out/ep2-b04-goblin-field/04-the-footnote-wave1-s3.png
0.1807	0.0039	farm-out/ep2-b04-goblin-fieldbright/04-the-footnote-wave1-s0.png
0.1850	0.0001	farm-out/ep2-b04-goblin-fieldbright/04-the-footnote-wave1-s1.png
0.2820	0.1684	farm-out/ep2-b04-goblin-fieldbright/04-the-footnote-wave1-s2.png
0.0978	0.0130	farm-out/ep2-b04-goblin-fieldbright/04-the-footnote-wave1-s3.png
0.0813	0.0038	farm-out/ep2-b04-goblin-ipa-content/04-the-footnote-ipa-r0-content-s0.png
0.1469	0.0002	farm-out/ep2-b04-goblin-ipa-content/04-the-footnote-ipa-r0-content-s1.png
0.0998	0.0007	farm-out/ep2-b04-goblin-ipa-content/04-the-footnote-ipa-r0-content-s2.png
0.1843	0.0109	farm-out/ep2-b04-goblin-ipa-content/04-the-footnote-ipa-r0-content-s3.png
0.2311	0.0001	farm-out/ep2-b04-goblin-ipa-content/04-the-footnote-ipa-r1-content-s0.png
0.1273	0.0242	farm-out/ep2-b04-goblin-ipa-content/04-the-footnote-ipa-r1-content-s1.png
0.1191	0.0514	farm-out/ep2-b04-goblin-ipa-content/04-the-footnote-ipa-r1-content-s2.png
0.0828	0.0081	farm-out/ep2-b04-goblin-ipa-content/04-the-footnote-ipa-r1-content-s3.png
0.1206	0.0429	farm-out/ep2-b04-goblin-ipa-content/04-the-footnote-ipa-r2-content-s0.png
0.0472	0.0043	farm-out/ep2-b04-goblin-ipa-content/04-the-footnote-ipa-r2-content-s1.png
0.2397	0.0003	farm-out/ep2-b04-goblin-ipa-content/04-the-footnote-ipa-r2-content-s2.png
0.1645	0.0076	farm-out/ep2-b04-goblin-ipa-content/04-the-footnote-ipa-r2-content-s3.png
0.2812	0.1765	farm-out/ep2-b04-goblin-ipa-content/04-the-footnote-ipa-r3-content-s0.png
0.2764	0.0542	farm-out/ep2-b04-goblin-ipa-content/04-the-footnote-ipa-r3-content-s1.png
0.0892	0.0390	farm-out/ep2-b04-goblin-ipa-content/04-the-footnote-ipa-r3-content-s2.png
0.1281	0.0073	farm-out/ep2-b04-goblin-ipa-content/04-the-footnote-ipa-r3-content-s3.png
0.1567	0.0727	farm-out/ep2-b04-goblin-ipa-negcolor/04-the-footnote-ipa-r0-neg-s0.png
0.1107	0.0450	farm-out/ep2-b04-goblin-ipa-negcolor/04-the-footnote-ipa-r0-neg-s1.png
0.0604	0.0142	farm-out/ep2-b04-goblin-ipa-negcolor/04-the-footnote-ipa-r0-neg-s2.png
0.0572	0.0218	farm-out/ep2-b04-goblin-ipa-negcolor/04-the-footnote-ipa-r0-neg-s3.png
0.2361	0.0852	farm-out/ep2-b04-goblin-ipa-negcolor/04-the-footnote-ipa-r1-neg-s0.png
0.1790	0.0252	farm-out/ep2-b04-goblin-ipa-negcolor/04-the-footnote-ipa-r1-neg-s1.png
0.2337	0.1550	farm-out/ep2-b04-goblin-ipa-negcolor/04-the-footnote-ipa-r1-neg-s2.png
0.1644	0.0386	farm-out/ep2-b04-goblin-ipa-negcolor/04-the-footnote-ipa-r1-neg-s3.png
0.2780	0.0272	farm-out/ep2-b04-goblin-ipa-negcolor/04-the-footnote-ipa-r2-neg-s0.png
0.0873	0.0087	farm-out/ep2-b04-goblin-ipa-negcolor/04-the-footnote-ipa-r2-neg-s1.png
0.2812	0.0189	farm-out/ep2-b04-goblin-ipa-negcolor/04-the-footnote-ipa-r2-neg-s2.png
0.3314	0.0851	farm-out/ep2-b04-goblin-ipa-negcolor/04-the-footnote-ipa-r2-neg-s3.png
0.3688	0.2515	farm-out/ep2-b04-goblin-ipa-negcolor/04-the-footnote-ipa-r3-neg-s0.png
0.4430	0.3225	farm-out/ep2-b04-goblin-ipa-negcolor/04-the-footnote-ipa-r3-neg-s1.png
0.2992	0.0199	farm-out/ep2-b04-goblin-ipa-negcolor/04-the-footnote-ipa-r3-neg-s2.png
0.0982	0.0511	farm-out/ep2-b04-goblin-ipa-negcolor/04-the-footnote-ipa-r3-neg-s3.png
0.2010	0.1488	farm-out/ep2-b04-goblin-ipa-w015-seeds8/04-the-footnote-ipa-r0-w015-s4.png
0.2129	0.1548	farm-out/ep2-b04-goblin-ipa-w015-seeds8/04-the-footnote-ipa-r0-w015-s5.png
0.2797	0.1958	farm-out/ep2-b04-goblin-ipa-w015-seeds8/04-the-footnote-ipa-r0-w015-s6.png
0.2043	0.0076	farm-out/ep2-b04-goblin-ipa-w015-seeds8/04-the-footnote-ipa-r0-w015-s7.png
0.2411	0.1215	farm-out/ep2-b04-goblin-ipa-w015-seeds8/04-the-footnote-ipa-r1-w015-s4.png
0.3241	0.1739	farm-out/ep2-b04-goblin-ipa-w015-seeds8/04-the-footnote-ipa-r1-w015-s5.png
0.1853	0.0548	farm-out/ep2-b04-goblin-ipa-w015-seeds8/04-the-footnote-ipa-r1-w015-s6.png
0.2663	0.0059	farm-out/ep2-b04-goblin-ipa-w015-seeds8/04-the-footnote-ipa-r1-w015-s7.png
0.2975	0.2295	farm-out/ep2-b04-goblin-ipa-w015-seeds8/04-the-footnote-ipa-r2-w015-s4.png
0.2707	0.2130	farm-out/ep2-b04-goblin-ipa-w015-seeds8/04-the-footnote-ipa-r2-w015-s5.png
0.1901	0.0184	farm-out/ep2-b04-goblin-ipa-w015-seeds8/04-the-footnote-ipa-r2-w015-s6.png
0.3280	0.0067	farm-out/ep2-b04-goblin-ipa-w015-seeds8/04-the-footnote-ipa-r2-w015-s7.png
0.3165	0.0267	farm-out/ep2-b04-goblin-ipa-w015-seeds8/04-the-footnote-ipa-r3-w015-s4.png
0.5398	0.4742	farm-out/ep2-b04-goblin-ipa-w015-seeds8/04-the-footnote-ipa-r3-w015-s5.png
0.3909	0.3442	farm-out/ep2-b04-goblin-ipa-w015-seeds8/04-the-footnote-ipa-r3-w015-s6.png
0.3878	0.2581	farm-out/ep2-b04-goblin-ipa-w015-seeds8/04-the-footnote-ipa-r3-w015-s7.png
0.1439	0.0118	farm-out/ep2-b04-goblin-ipa-wedge/04-the-footnote-ipa-r0-w010-s0.png
0.2249	0.0818	farm-out/ep2-b04-goblin-ipa-wedge/04-the-footnote-ipa-r0-w010-s1.png
0.2013	0.1517	farm-out/ep2-b04-goblin-ipa-wedge/04-the-footnote-ipa-r0-w010-s2.png
0.0486	0.0030	farm-out/ep2-b04-goblin-ipa-wedge/04-the-footnote-ipa-r0-w010-s3.png
0.3152	0.1738	farm-out/ep2-b04-goblin-ipa-wedge/04-the-footnote-ipa-r0-w020-s0.png
0.2093	0.0641	farm-out/ep2-b04-goblin-ipa-wedge/04-the-footnote-ipa-r0-w020-s1.png
0.0681	0.0193	farm-out/ep2-b04-goblin-ipa-wedge/04-the-footnote-ipa-r0-w020-s2.png
0.0444	0.0018	farm-out/ep2-b04-goblin-ipa-wedge/04-the-footnote-ipa-r0-w020-s3.png
0.2769	0.1486	farm-out/ep2-b04-goblin-ipa-window/04-the-footnote-ipa-r0-w015-s0.png
0.1550	0.0429	farm-out/ep2-b04-goblin-ipa-window/04-the-footnote-ipa-r0-w015-s1.png
0.0886	0.0272	farm-out/ep2-b04-goblin-ipa-window/04-the-footnote-ipa-r0-w015-s2.png
0.0396	0.0072	farm-out/ep2-b04-goblin-ipa-window/04-the-footnote-ipa-r0-w015-s3.png
0.2756	0.1757	farm-out/ep2-b04-goblin-ipa-window/04-the-footnote-ipa-r0-w025-s0.png
0.1579	0.0486	farm-out/ep2-b04-goblin-ipa-window/04-the-footnote-ipa-r0-w060-s1.png
0.0644	0.0277	farm-out/ep2-b04-goblin-ipa-window/04-the-footnote-ipa-r0-w060-s2.png
0.0849	0.0275	farm-out/ep2-b04-goblin-ipa-window/04-the-footnote-ipa-r0-w060-s3.png
0.2769	0.1486	farm-out/ep2-b04-goblin-ipa-window4/04-the-footnote-ipa-r0-w015-s0.png
0.1550	0.0429	farm-out/ep2-b04-goblin-ipa-window4/04-the-footnote-ipa-r0-w015-s1.png
0.0886	0.0272	farm-out/ep2-b04-goblin-ipa-window4/04-the-footnote-ipa-r0-w015-s2.png
0.0396	0.0072	farm-out/ep2-b04-goblin-ipa-window4/04-the-footnote-ipa-r0-w015-s3.png
0.1864	0.0122	farm-out/ep2-b04-goblin-ipa-window4/04-the-footnote-ipa-r1-w015-s0.png
0.1414	0.0628	farm-out/ep2-b04-goblin-ipa-window/04-the-footnote-ipa-r0-w025-s1.png
0.1181	0.0341	farm-out/ep2-b04-goblin-ipa-window/04-the-footnote-ipa-r0-w025-s2.png
0.0531	0.0033	farm-out/ep2-b04-goblin-ipa-window/04-the-footnote-ipa-r0-w025-s3.png
0.2662	0.1456	farm-out/ep2-b04-goblin-ipa-window/04-the-footnote-ipa-r0-w040-s0.png
0.1281	0.0421	farm-out/ep2-b04-goblin-ipa-window/04-the-footnote-ipa-r0-w040-s1.png
0.0973	0.0522	farm-out/ep2-b04-goblin-ipa-window/04-the-footnote-ipa-r0-w040-s2.png
0.0708	0.0287	farm-out/ep2-b04-goblin-ipa-window/04-the-footnote-ipa-r0-w040-s3.png
0.2558	0.1504	farm-out/ep2-b04-goblin-ipa-window/04-the-footnote-ipa-r0-w060-s0.png
0.4827	0.3524	farm-out/ep2-b04-goblin-ipa-window4/04-the-footnote-ipa-r3-w015-s1.png
0.0312	0.0035	farm-out/ep2-b04-goblin-ipa-window4/04-the-footnote-ipa-r3-w015-s2.png
0.0677	0.0085	farm-out/ep2-b04-goblin-ipa-window4/04-the-footnote-ipa-r3-w015-s3.png
0.2513	0.1007	farm-out/ep2-b04-goblin-ipa-wscale/04-the-footnote-ipa-r0-w015-c080-s0.png
0.2454	0.0053	farm-out/ep2-b04-goblin-ipa-wscale/04-the-footnote-ipa-r0-w015-c080-s1.png
0.1120	0.0775	farm-out/ep2-b04-goblin-ipa-wscale/04-the-footnote-ipa-r0-w015-c080-s2.png
0.0535	0.0153	farm-out/ep2-b04-goblin-ipa-wscale/04-the-footnote-ipa-r0-w015-c080-s3.png
0.2274	0.1329	farm-out/ep2-b04-goblin-ipa-wscale/04-the-footnote-ipa-r0-w015-c100-s0.png
0.0732	0.0026	farm-out/ep2-b04-goblin-ipa-window4/04-the-footnote-ipa-r1-w015-s1.png
0.0867	0.0044	farm-out/ep2-b04-goblin-ipa-window4/04-the-footnote-ipa-r1-w015-s2.png
0.2317	0.0403	farm-out/ep2-b04-goblin-ipa-window4/04-the-footnote-ipa-r1-w015-s3.png
0.1830	0.1037	farm-out/ep2-b04-goblin-ipa-window4/04-the-footnote-ipa-r2-w015-s0.png
0.2136	0.0016	farm-out/ep2-b04-goblin-ipa-window4/04-the-footnote-ipa-r2-w015-s1.png
0.2817	0.1957	farm-out/ep2-b04-goblin-ipa-window4/04-the-footnote-ipa-r2-w015-s2.png
0.2841	0.2371	farm-out/ep2-b04-goblin-ipa-window4/04-the-footnote-ipa-r2-w015-s3.png
0.3191	0.0005	farm-out/ep2-b04-goblin-ipa-window4/04-the-footnote-ipa-r3-w015-s0.png
0.2764	0.0038	farm-out/ep2-b04-goblin-ipa-wscale/04-the-footnote-ipa-r0-w015-c100-s1.png
0.2239	0.0181	farm-out/ep2-b04-goblin-ipa-wscale/04-the-footnote-ipa-r0-w015-c100-s2.png
0.1687	0.0027	farm-out/ep2-b04-goblin-ipa-wscale/04-the-footnote-ipa-r0-w015-c100-s3.png
0.2480	0.1150	farm-out/ep2-b04-goblin-ipa/04-the-footnote-ipa-r0-c040-s0.png
0.0628	0.0183	farm-out/ep2-b04-goblin-ipa/04-the-footnote-ipa-r0-c040-s1.png
0.0548	0.0100	farm-out/ep2-b04-goblin-ipa/04-the-footnote-ipa-r0-c040-s2.png
0.1307	0.0546	farm-out/ep2-b04-goblin-ipa/04-the-footnote-ipa-r0-c040-s3.png
0.1900	0.0894	farm-out/ep2-b04-goblin-ipa/04-the-footnote-ipa-r0-c060-s0.png
0.1007	0.0447	farm-out/ep2-b04-goblin-ipa/04-the-footnote-ipa-r0-c060-s1.png
0.0699	0.0206	farm-out/ep2-b04-goblin-ipa/04-the-footnote-ipa-r0-c060-s2.png
0.0749	0.0296	farm-out/ep2-b04-goblin-ipa/04-the-footnote-ipa-r0-c060-s3.png
0.1136	0.0452	farm-out/ep2-b04-goblin-ipa/04-the-footnote-ipa-r0-c080-s0.png
0.1509	0.0298	farm-out/ep2-b04-goblin-ipa/04-the-footnote-ipa-r0-c080-s1.png
0.1073	0.0577	farm-out/ep2-b04-goblin-ipa/04-the-footnote-ipa-r0-c080-s2.png
0.0587	0.0183	farm-out/ep2-b04-goblin-ipa/04-the-footnote-ipa-r0-c080-s3.png
0.1887	0.0658	farm-out/ep2-b04-goblin-ipa/04-the-footnote-ipa-r1-c060-s0.png
0.1503	0.0033	farm-out/ep2-b04-goblin-ipa/04-the-footnote-ipa-r1-c060-s1.png
0.3036	0.1939	farm-out/ep2-b04-goblin-ipa/04-the-footnote-ipa-r1-c060-s2.png
0.0904	0.0271	farm-out/ep2-b04-goblin-ipa/04-the-footnote-ipa-r1-c060-s3.png
0.2920	0.0100	farm-out/ep2-b04-goblin-ipa/04-the-footnote-ipa-r2-c060-s0.png
0.1111	0.0014	farm-out/ep2-b04-goblin-ipa/04-the-footnote-ipa-r2-c060-s1.png
0.2952	0.0830	farm-out/ep2-b04-goblin-ipa/04-the-footnote-ipa-r2-c060-s2.png
0.3634	0.0522	farm-out/ep2-b04-goblin-ipa/04-the-footnote-ipa-r2-c060-s3.png
0.3478	0.1332	farm-out/ep2-b04-goblin-ipa/04-the-footnote-ipa-r3-c060-s0.png
0.4712	0.4166	farm-out/ep2-b04-goblin-ipa/04-the-footnote-ipa-r3-c060-s1.png
0.2331	0.0381	farm-out/ep2-b04-goblin-ipa/04-the-footnote-ipa-r3-c060-s2.png
0.0838	0.0072	farm-out/ep2-b04-goblin-ipa/04-the-footnote-ipa-r3-c060-s3.png
0.1190	0.0101	farm-out/ep2-b04-idfix-r2/04-the-footnote-wave1-s0.png
0.2370	0.1593	farm-out/ep2-b04-idfix-r2/04-the-footnote-wave1-s1.png
0.1379	0.0000	farm-out/ep2-b04-idfix-r2/04-the-footnote-wave1-s2.png
0.0640	0.0021	farm-out/ep2-b04-idfix-r2/04-the-footnote-wave1-s3.png
0.0525	0.0101	farm-out/ep2-b04-idfix/04-the-footnote-wave1-s0.png
0.2407	0.1757	farm-out/ep2-b04-ipa-frozen-0812/04-the-footnote-ipa-r1-w015-s1.png
0.1509	0.1162	farm-out/ep2-b04-ipa-frozen-0812/04-the-footnote-ipa-r1-w015-s2.png
0.1916	0.0057	farm-out/ep2-b04-ipa-frozen-0812/04-the-footnote-ipa-r1-w015-s3.png
0.0952	0.0295	farm-out/ep2-b04-ipa-frozen-0812/04-the-footnote-ipa-r2-w015-s0.png
0.2407	0.1757	farm-out/ep2-b04-ipa-frozen-0812/04-the-footnote-ipa-r2-w015-s1.png
0.1509	0.1162	farm-out/ep2-b04-ipa-frozen-0812/04-the-footnote-ipa-r2-w015-s2.png
0.1916	0.0057	farm-out/ep2-b04-ipa-frozen-0812/04-the-footnote-ipa-r2-w015-s3.png
0.0952	0.0295	farm-out/ep2-b04-ipa-frozen-0812/04-the-footnote-ipa-r3-w015-s0.png
0.1451	0.1519	farm-out/ep2-b04-idfix/04-the-footnote-wave1-s1.png
0.1399	0.0003	farm-out/ep2-b04-idfix/04-the-footnote-wave1-s2.png
0.0695	0.0015	farm-out/ep2-b04-idfix/04-the-footnote-wave1-s3.png
0.0952	0.0295	farm-out/ep2-b04-ipa-frozen-0812/04-the-footnote-ipa-r0-w015-s0.png
0.2407	0.1757	farm-out/ep2-b04-ipa-frozen-0812/04-the-footnote-ipa-r0-w015-s1.png
0.1509	0.1162	farm-out/ep2-b04-ipa-frozen-0812/04-the-footnote-ipa-r0-w015-s2.png
0.1916	0.0057	farm-out/ep2-b04-ipa-frozen-0812/04-the-footnote-ipa-r0-w015-s3.png
0.0952	0.0295	farm-out/ep2-b04-ipa-frozen-0812/04-the-footnote-ipa-r1-w015-s0.png
0.2407	0.1757	farm-out/ep2-b04-ipa-frozen-0812/04-the-footnote-ipa-r3-w015-s1.png
0.1509	0.1162	farm-out/ep2-b04-ipa-frozen-0812/04-the-footnote-ipa-r3-w015-s2.png
0.1916	0.0057	farm-out/ep2-b04-ipa-frozen-0812/04-the-footnote-ipa-r3-w015-s3.png
0.2084	0.0719	farm-out/ep2-b04-knob-scale-0813/04-the-footnote-ipa-r0-w015-c080-s0.png
0.2297	0.0845	farm-out/ep2-b04-knob-scale-0813/04-the-footnote-ipa-r0-w015-c080-s1.png
0.7427	0.7411	farm-out/ep2-b04-knob-scale-0813/04-the-footnote-ipa-r0-w015-c080-s2.png
0.6534	0.2295	farm-out/ep2-b04-knob-scale-0813/04-the-footnote-ipa-r0-w015-c080-s3.png
0.5944	0.5462	farm-out/ep2-b04-knob-scale-0813/04-the-footnote-ipa-r0-w015-c100-s0.png
0.8009	0.7996	farm-out/ep2-b04-knob-scale-0813/04-the-footnote-ipa-r0-w015-c100-s1.png
0.6796	0.6714	farm-out/ep2-b04-knob-scale-0813/04-the-footnote-ipa-r0-w015-c100-s2.png
0.5804	0.5785	farm-out/ep2-b04-knob-scale-0813/04-the-footnote-ipa-r0-w015-c100-s3.png
0.6791	0.6780	farm-out/ep2-b04-knob-window-0813/04-the-footnote-ipa-r0-w015-s0.png
0.1699	0.1289	farm-out/ep2-b04-knob-window-0813/04-the-footnote-ipa-r0-w015-s1.png
0.5641	0.1338	farm-out/ep2-b04-knob-window-0813/04-the-footnote-ipa-r0-w015-s2.png
0.5701	0.5665	farm-out/ep2-b04-knob-window-0813/04-the-footnote-ipa-r0-w015-s3.png
0.6878	0.6532	farm-out/ep2-b04-knob-window-0813/04-the-footnote-ipa-r0-w025-s0.png
0.5624	0.5501	farm-out/ep2-b04-knob-window-0813/04-the-footnote-ipa-r0-w025-s1.png
0.5721	0.5635	farm-out/ep2-b04-knob-window-0813/04-the-footnote-ipa-r0-w025-s2.png
0.5948	0.5833	farm-out/ep2-b04-knob-window-0813/04-the-footnote-ipa-r0-w025-s3.png
0.6798	0.6703	farm-out/ep2-b04-knob-window-0813/04-the-footnote-ipa-r0-w040-s0.png
0.5785	0.5735	farm-out/ep2-b04-knob-window-0813/04-the-footnote-ipa-r0-w040-s1.png
0.5716	0.5650	farm-out/ep2-b04-knob-window-0813/04-the-footnote-ipa-r0-w040-s2.png
0.6010	0.5954	farm-out/ep2-b04-knob-window-0813/04-the-footnote-ipa-r0-w040-s3.png
0.6790	0.6563	farm-out/ep2-b04-knob-window-0813/04-the-footnote-ipa-r0-w060-s0.png
0.5808	0.5722	farm-out/ep2-b04-knob-window-0813/04-the-footnote-ipa-r0-w060-s1.png
0.5684	0.5576	farm-out/ep2-b04-knob-window-0813/04-the-footnote-ipa-r0-w060-s2.png
0.6009	0.5934	farm-out/ep2-b04-knob-window-0813/04-the-footnote-ipa-r0-w060-s3.png
0.0158	0.0003	farm-out/ep2-b04-lw/b13-init-704x1280.png
0.0908	0.0625	farm-out/ep2-b04-motion-r2/b04-init-704x1280.png
0.2407	0.1757	farm-out/ep2-b04-motion-short/b04-init-704x1280.png
0.2407	0.1757	farm-out/ep2-b04-motion/b04-init-704x1280.png
0.0158	0.0003	farm-out/ep2-b04-plate-0814/04-the-footnote-ipa-r0-w015-s0.png
0.0976	0.0036	farm-out/ep2-b04-plate-0814/04-the-footnote-ipa-r0-w015-s1.png
0.0998	0.0647	farm-out/ep2-b04-plate-0814/04-the-footnote-ipa-r0-w015-s2.png
0.4635	0.4513	farm-out/ep2-b04-plate-0814/04-the-footnote-ipa-r0-w015-s3.png
0.0038	0.0000	farm-out/ep2-b04-plate-0814/04-the-footnote-ipa-r1-w015-s0.png
0.3750	0.0538	farm-out/ep2-b04-plate-0814/04-the-footnote-ipa-r1-w015-s1.png
0.1232	0.0324	farm-out/ep2-b04-plate-0814/04-the-footnote-ipa-r1-w015-s2.png
0.1190	0.0000	farm-out/ep2-b04-plate-0814/04-the-footnote-ipa-r1-w015-s3.png
0.1537	0.0024	farm-out/ep2-b04-plate-0814/04-the-footnote-ipa-r2-w015-s0.png
0.0158	0.0003	farm-out/ep2-b04-refireB/b13-init-704x1280.png
0.3909	0.1400	farm-out/ep2-b04-standing-views-0815/04-the-footnote-ipa-r0-w015-s0.png
0.1901	0.0002	farm-out/ep2-b04-standing-views-0815/04-the-footnote-ipa-r0-w015-s1.png
0.2742	0.0000	farm-out/ep2-b04-standing-views-0815/04-the-footnote-ipa-r0-w015-s2.png
0.6118	0.3187	farm-out/ep2-b04-standing-views-0815/04-the-footnote-ipa-r0-w015-s3.png
0.9999	0.9998	farm-out/ep2-b04-standing-views-0815/04-the-footnote-ipa-r1-w015-s0.png
0.9972	0.9969	farm-out/ep2-b04-standing-views-0815/04-the-footnote-ipa-r1-w015-s1.png
0.9995	0.9995	farm-out/ep2-b04-standing-views-0815/04-the-footnote-ipa-r1-w015-s2.png
0.9953	0.9948	farm-out/ep2-b04-standing-views-0815/04-the-footnote-ipa-r1-w015-s3.png
1.0000	1.0000	farm-out/ep2-b04-standing-views-0815/04-the-footnote-ipa-r2-w015-s0.png
0.9994	0.9993	farm-out/ep2-b04-standing-views-0815/04-the-footnote-ipa-r2-w015-s1.png
0.5649	0.5627	farm-out/ep2-b04-standing-views-0815/04-the-footnote-ipa-r2-w015-s2.png
0.6175	0.6168	farm-out/ep2-b04-standing-views-0815/04-the-footnote-ipa-r2-w015-s3.png
1.0000	1.0000	farm-out/ep2-b04-standing-views-0815/04-the-footnote-ipa-r3-w015-s0.png
0.9985	0.9985	farm-out/ep2-b04-standing-views-0815/04-the-footnote-ipa-r3-w015-s1.png
0.3760	0.0934	farm-out/ep2-b04-standing-views-0815/04-the-footnote-ipa-r3-w015-s2.png
0.1863	0.0490	farm-out/ep2-b04-plate-0814/04-the-footnote-ipa-r2-w015-s1.png
0.2270	0.1327	farm-out/ep2-b04-plate-0814/04-the-footnote-ipa-r2-w015-s2.png
0.2272	0.1581	farm-out/ep2-b04-plate-0814/04-the-footnote-ipa-r2-w015-s3.png
0.0124	0.0002	farm-out/ep2-b04-plate-0814/04-the-footnote-ipa-r3-w015-s0.png
0.1364	0.0964	farm-out/ep2-b04-plate-0814/04-the-footnote-ipa-r3-w015-s1.png
0.1897	0.1530	farm-out/ep2-b04-plate-0814/04-the-footnote-ipa-r3-w015-s2.png
0.0550	0.0438	farm-out/ep2-b04-plate-0814/04-the-footnote-ipa-r3-w015-s3.png
0.0158	0.0003	farm-out/ep2-b04-refire/b13-init-704x1280.png
0.9999	0.9999	farm-out/ep2-b04-stdviews-s4-0815/04-the-footnote-ipa-r3-w015-s5.png
0.7166	0.2884	farm-out/ep2-b04-stdviews-s6-0815/04-the-footnote-ipa-r0-w015-s6.png
0.4806	0.1454	farm-out/ep2-b04-stdviews-s6-0815/04-the-footnote-ipa-r0-w015-s7.png
1.0000	1.0000	farm-out/ep2-b04-stdviews-s6-0815/04-the-footnote-ipa-r1-w015-s6.png
1.0000	1.0000	farm-out/ep2-b04-stdviews-s6-0815/04-the-footnote-ipa-r1-w015-s7.png
1.0000	1.0000	farm-out/ep2-b04-stdviews-s6-0815/04-the-footnote-ipa-r2-w015-s6.png
1.0000	1.0000	farm-out/ep2-b04-stdviews-s6-0815/04-the-footnote-ipa-r2-w015-s7.png
1.0000	0.6962	farm-out/ep2-b04-stdviews-s6-0815/04-the-footnote-ipa-r3-w015-s6.png
0.4328	0.2777	farm-out/ep2-b04-standing-views-0815/04-the-footnote-ipa-r3-w015-s3.png
0.2471	0.0000	farm-out/ep2-b04-stdviews-s4-0815/04-the-footnote-ipa-r0-w015-s4.png
0.4168	0.0000	farm-out/ep2-b04-stdviews-s4-0815/04-the-footnote-ipa-r0-w015-s5.png
1.0000	1.0000	farm-out/ep2-b04-stdviews-s4-0815/04-the-footnote-ipa-r1-w015-s4.png
1.0000	1.0000	farm-out/ep2-b04-stdviews-s4-0815/04-the-footnote-ipa-r1-w015-s5.png
0.9644	0.9618	farm-out/ep2-b04-stdviews-s4-0815/04-the-footnote-ipa-r2-w015-s4.png
0.5183	0.5170	farm-out/ep2-b04-stdviews-s4-0815/04-the-footnote-ipa-r2-w015-s5.png
1.0000	1.0000	farm-out/ep2-b04-stdviews-s4-0815/04-the-footnote-ipa-r3-w015-s4.png
0.9944	0.9935	farm-out/ep2-b04-stdviews-s6-0815/04-the-footnote-ipa-r3-w015-s7.png
0.0908	0.0625	farm-out/ep2-b04-train-r1-0812/04-the-footnote-ipa-r0-w015-s0.png
0.1975	0.1797	farm-out/ep2-b04-train-r1-0812/04-the-footnote-ipa-r0-w015-s1.png
0.1483	0.1327	farm-out/ep2-b04-train-r1-0812/04-the-footnote-ipa-r0-w015-s2.png
0.2893	0.0365	farm-out/ep2-b04-train-r1-0812/04-the-footnote-ipa-r0-w015-s3.png
0.0908	0.0625	farm-out/ep2-b04-train-r1-0812/04-the-footnote-ipa-r1-w015-s0.png
0.1975	0.1797	farm-out/ep2-b04-train-r1-0812/04-the-footnote-ipa-r1-w015-s1.png
0.1483	0.1327	farm-out/ep2-b04-train-r1-0812/04-the-footnote-ipa-r1-w015-s2.png
0.2893	0.0365	farm-out/ep2-b04-train-r1-0812/04-the-footnote-ipa-r1-w015-s3.png
0.0908	0.0625	farm-out/ep2-b04-train-r1-0812/04-the-footnote-ipa-r2-w015-s0.png
0.1975	0.1797	farm-out/ep2-b04-train-r1-0812/04-the-footnote-ipa-r2-w015-s1.png
0.1483	0.1327	farm-out/ep2-b04-train-r1-0812/04-the-footnote-ipa-r2-w015-s2.png
0.2893	0.0365	farm-out/ep2-b04-train-r1-0812/04-the-footnote-ipa-r2-w015-s3.png
0.0908	0.0625	farm-out/ep2-b04-train-r1-0812/04-the-footnote-ipa-r3-w015-s0.png
0.1975	0.1797	farm-out/ep2-b04-train-r1-0812/04-the-footnote-ipa-r3-w015-s1.png
0.1483	0.1327	farm-out/ep2-b04-train-r1-0812/04-the-footnote-ipa-r3-w015-s2.png
0.2893	0.0365	farm-out/ep2-b04-train-r1-0812/04-the-footnote-ipa-r3-w015-s3.png
0.0158	0.0003	farm-out/ep2-b04-wave/b13-init-704x1280.png
0.0158	0.0003	farm-out/ep2-b04-waveB/b13-init-704x1280.png
0.0908	0.0625	farm-out/ep2-b04-widen/b04-init-704x1280.png
0.0908	0.0625	farm-out/ep2-b04-widenB/b04-init-704x1280.png
0.0540	0.0001	farm-out/ep2-b05-conf-0814/b05-init-704x1280.png
0.0540	0.0001	farm-out/ep2-b05-confBB-0814/b05-init-704x1280.png
0.9892	0.9890	farm-out/ep2-b05-count-0813/b05-init-704x1280.png
0.9892	0.9890	farm-out/ep2-b05-countB-0813/b05-init-704x1280.png
0.0540	0.0001	farm-out/ep2-b05-final-0814/b05-init-704x1280.png
0.0540	0.0001	farm-out/ep2-b05-finalB-0814/b05-init-704x1280.png
0.9091	0.9041	farm-out/ep2-b05-gp-0814/b05-init-704x1280.png
0.9091	0.9041	farm-out/ep2-b05-gpB-0814/b05-init-704x1280.png
0.9091	0.9041	farm-out/ep2-b05-guardpick-0814/05-the-patrol-ipa-r0-w015-s0.png
0.2818	0.2790	farm-out/ep2-b05-guardpick-0814/05-the-patrol-ipa-r0-w015-s1.png
0.6812	0.6799	farm-out/ep2-b05-guardpick-0814/05-the-patrol-ipa-r0-w015-s2.png
0.8613	0.8606	farm-out/ep2-b05-guardpick-0814/05-the-patrol-ipa-r0-w015-s3.png
0.7242	0.7228	farm-out/ep2-b05-guardpick-0814/05-the-patrol-ipa-r1-w015-s0.png
0.3430	0.1262	farm-out/ep2-b05-guardpick-0814/05-the-patrol-ipa-r1-w015-s1.png
0.6854	0.5726	farm-out/ep2-b05-guardpick-0814/05-the-patrol-ipa-r1-w015-s2.png
0.2151	0.0355	farm-out/ep2-b05-guardpick-0814/05-the-patrol-ipa-r1-w015-s3.png
0.2552	0.0015	farm-out/ep2-b05-guardpick-0814/05-the-patrol-ipa-r2-w015-s0.png
0.3309	0.0000	farm-out/ep2-b05-guardpick-0814/05-the-patrol-ipa-r2-w015-s1.png
0.4051	0.3895	farm-out/ep2-b05-guardpick-0814/05-the-patrol-ipa-r2-w015-s2.png
0.3095	0.0026	farm-out/ep2-b05-guardpick-0814/05-the-patrol-ipa-r2-w015-s3.png
0.4710	0.0000	farm-out/ep2-b05-guardpick-0814/05-the-patrol-ipa-r3-w015-s0.png
0.2710	0.1825	farm-out/ep2-b05-guardpick-0814/05-the-patrol-ipa-r3-w015-s1.png
0.4369	0.0217	farm-out/ep2-b05-guardpick-0814/05-the-patrol-ipa-r3-w015-s2.png
0.1825	0.0005	farm-out/ep2-b05-guardpick-0814/05-the-patrol-ipa-r3-w015-s3.png
0.0459	0.0001	farm-out/ep2-b05-idfix-r2/05-the-patrol-wave1-s0.png
0.1735	0.0118	farm-out/ep2-b05-idfix-r2/05-the-patrol-wave1-s1.png
0.1272	0.0035	farm-out/ep2-b05-idfix-r2/05-the-patrol-wave1-s2.png
0.0540	0.0001	farm-out/ep2-b05-nw-0815/b05-init-704x1280.png
0.0540	0.0001	farm-out/ep2-b05-nwB-0815/b05-init-704x1280.png
0.0540	0.0001	farm-out/ep2-b05-pass-0814/b05-init-704x1280.png
0.0540	0.0001	farm-out/ep2-b05-passB-0814/b05-init-704x1280.png
0.9892	0.9890	farm-out/ep2-b05-register-clip-0812/b05-init-704x1280.png
0.9798	0.9795	farm-out/ep2-b05-register-pose-0812/05-the-patrol-ipa-r0-w015-s0.png
0.8793	0.8781	farm-out/ep2-b05-register-pose-0812/05-the-patrol-ipa-r0-w015-s1.png
0.9455	0.9431	farm-out/ep2-b05-register-pose-0812/05-the-patrol-ipa-r0-w015-s2.png
0.0330	0.0002	farm-out/ep2-b05-idfix-r2/05-the-patrol-wave1-s3.png
0.2715	0.1804	farm-out/ep2-b05-idfix/05-the-patrol-wave1-s0.png
0.0420	0.0011	farm-out/ep2-b05-idfix/05-the-patrol-wave1-s1.png
0.0221	0.0001	farm-out/ep2-b05-idfix/05-the-patrol-wave1-s2.png
0.0378	0.0004	farm-out/ep2-b05-idfix/05-the-patrol-wave1-s3.png
0.9892	0.9890	farm-out/ep2-b05-jog-uniform-a-0812/b05-init-704x1280.png
0.9892	0.9890	farm-out/ep2-b05-jog-uniform-b-0812/b05-init-704x1280.png
0.9091	0.9041	farm-out/ep2-b05-lw-0814/b05-init-704x1280.png
0.9728	0.9715	farm-out/ep2-b05-register-pose-0812/05-the-patrol-ipa-r0-w015-s3.png
0.9590	0.9556	farm-out/ep2-b05-register-pose-0812/05-the-patrol-ipa-r1-w015-s0.png
0.7716	0.6562	farm-out/ep2-b05-register-pose-0812/05-the-patrol-ipa-r1-w015-s1.png
0.9847	0.9812	farm-out/ep2-b05-register-pose-0812/05-the-patrol-ipa-r1-w015-s2.png
0.9705	0.9690	farm-out/ep2-b05-register-pose-0812/05-the-patrol-ipa-r1-w015-s3.png
0.9727	0.9716	farm-out/ep2-b05-register-pose-0812/05-the-patrol-ipa-r2-w015-s0.png
0.8872	0.8843	farm-out/ep2-b05-register-pose-0812/05-the-patrol-ipa-r2-w015-s1.png
0.9892	0.9890	farm-out/ep2-b05-register-pose-0812/05-the-patrol-ipa-r2-w015-s2.png
0.9706	0.9704	farm-out/ep2-b05-register-pose-0812/05-the-patrol-ipa-r2-w015-s3.png
0.7922	0.7881	farm-out/ep2-b05-register-pose-0812/05-the-patrol-ipa-r3-w015-s0.png
0.9598	0.9593	farm-out/ep2-b05-register-pose-0812/05-the-patrol-ipa-r3-w015-s1.png
0.9468	0.9463	farm-out/ep2-b05-register-pose-0812/05-the-patrol-ipa-r3-w015-s2.png
0.9892	0.9885	farm-out/ep2-b05-register-pose-0812/05-the-patrol-ipa-r3-w015-s3.png
0.0540	0.0001	farm-out/ep2-b05-scene-0814/05-the-patrol-ipa-r0-w015-s0.png
0.0293	0.0000	farm-out/ep2-b05-scene-0814/05-the-patrol-ipa-r0-w015-s1.png
0.2149	0.0006	farm-out/ep2-b05-scene-0814/05-the-patrol-ipa-r0-w015-s2.png
0.0880	0.0000	farm-out/ep2-b05-scene-0814/05-the-patrol-ipa-r0-w015-s3.png
0.1574	0.0072	farm-out/ep2-b05-scene-0814/05-the-patrol-ipa-r1-w015-s0.png
0.1489	0.0474	farm-out/ep2-b05-scene-0814/05-the-patrol-ipa-r1-w015-s1.png
0.0268	0.0013	farm-out/ep2-b05-scene-0814/05-the-patrol-ipa-r1-w015-s2.png
0.0970	0.0324	farm-out/ep2-b05-scene-0814/05-the-patrol-ipa-r1-w015-s3.png
0.1127	0.1014	farm-out/ep2-b05-scene-0814/05-the-patrol-ipa-r2-w015-s0.png
0.0635	0.0296	farm-out/ep2-b05-scene-0814/05-the-patrol-ipa-r2-w015-s1.png
0.2381	0.1462	farm-out/ep2-b05-scene-0814/05-the-patrol-ipa-r2-w015-s2.png
0.0579	0.0199	farm-out/ep2-b06-bark-d1-0815/b06-init-704x1280.png
0.0579	0.0199	farm-out/ep2-b06-bark-e1-0815/b06-init-704x1280.png
0.0579	0.0199	farm-out/ep2-b06-bark-f1-0815/b06-init-704x1280.png
0.0579	0.0199	farm-out/ep2-b06-bark-f1neg-0815/b06-init-704x1280.png
0.0579	0.0199	farm-out/ep2-b06-bark-f1s2-0815/b06-init-704x1280.png
0.0579	0.0199	farm-out/ep2-b06-bark-f1s3-0815/b06-init-704x1280.png
0.0579	0.0199	farm-out/ep2-b06-bark-f1s4-0815/b06-init-704x1280.png
0.0579	0.0199	farm-out/ep2-b06-bark-negmelt-0815/b06-init-704x1280.png
0.0820	0.0012	farm-out/ep2-b05-scene-0814/05-the-patrol-ipa-r2-w015-s3.png
0.1844	0.0120	farm-out/ep2-b05-scene-0814/05-the-patrol-ipa-r3-w015-s0.png
0.1435	0.0000	farm-out/ep2-b05-scene-0814/05-the-patrol-ipa-r3-w015-s1.png
0.0399	0.0000	farm-out/ep2-b05-scene-0814/05-the-patrol-ipa-r3-w015-s2.png
0.3375	0.0000	farm-out/ep2-b05-scene-0814/05-the-patrol-ipa-r3-w015-s3.png
0.0540	0.0001	farm-out/ep2-b05-stand-0814/b05-init-704x1280.png
0.0540	0.0001	farm-out/ep2-b05-standB-0814/b05-init-704x1280.png
0.9892	0.9890	farm-out/ep2-b05-twoguard-0813/b05-init-704x1280.png
0.9892	0.9890	farm-out/ep2-b05-twoguardB-0813/b05-init-704x1280.png
0.1901	0.1345	farm-out/ep2-b05-warmfield/05-the-patrol-wave1-s0.png
0.0582	0.0000	farm-out/ep2-b05-warmfield/05-the-patrol-wave1-s1.png
0.3580	0.2388	farm-out/ep2-b05-warmfield/05-the-patrol-wave1-s2.png
0.0101	0.0008	farm-out/ep2-b05-warmfield/05-the-patrol-wave1-s3.png
0.9892	0.9890	farm-out/ep2-b05-world-0813/b05-init-704x1280.png
0.9892	0.9890	farm-out/ep2-b05twin-wave-0813/b05-init-704x1280.png
0.0579	0.0199	farm-out/ep2-b06-bark-c1-0815/b06-init-704x1280.png
0.0579	0.0199	farm-out/ep2-b06-barkmotion-a1-0815/b06-init-704x1280.png
0.0579	0.0199	farm-out/ep2-b06-barkmotion-b1-0815/b06-init-704x1280.png
0.0579	0.0199	farm-out/ep2-b06-c1neg-0816/b06-init-704x1280.png
0.7401	0.4613	farm-out/ep2-b06-conf-0814/b05-init-704x1280.png
0.7401	0.4613	farm-out/ep2-b06-confBB-0814/b05-init-704x1280.png
0.0579	0.0199	farm-out/ep2-b06-d1neg-0816/b06-init-704x1280.png
0.0579	0.0199	farm-out/ep2-b06-f1neg-s2-0816/b06-init-704x1280.png
0.0579	0.0199	farm-out/ep2-b06-f1neg-s3-0816/b06-init-704x1280.png
0.6827	0.6804	farm-out/ep2-b06-barkboard-obj-0815/06-the-clipboard-wave1-s0.png
0.5168	0.5163	farm-out/ep2-b06-barkboard-obj-0815/06-the-clipboard-wave1-s1.png
0.6551	0.6538	farm-out/ep2-b06-barkboard-obj-0815/06-the-clipboard-wave1-s2.png
0.5573	0.5562	farm-out/ep2-b06-barkboard-obj-0815/06-the-clipboard-wave1-s3.png
0.2670	0.1590	farm-out/ep2-b06-barkboard-still-0815/06-the-clipboard-wave1-s0.png
0.1297	0.0200	farm-out/ep2-b06-barkboard-still-0815/06-the-clipboard-wave1-s1.png
0.1504	0.0457	farm-out/ep2-b06-barkboard-still-0815/06-the-clipboard-wave1-s2.png
0.2012	0.1330	farm-out/ep2-b06-barkboard-still-0815/06-the-clipboard-wave1-s3.png
0.0579	0.0199	farm-out/ep2-b06-f1neg-s4-0816/b06-init-704x1280.png
0.0579	0.0199	farm-out/ep2-b06-f1neg-s5-0816/b06-init-704x1280.png
0.8279	0.8249	farm-out/ep2-b06-gp-0814/b05-init-704x1280.png
0.8279	0.8249	farm-out/ep2-b06-gpB-0814/b05-init-704x1280.png
0.8279	0.8249	farm-out/ep2-b06-guardpick-0814/06-the-clipboard-ipa-r0-w015-s0.png
0.9870	0.9247	farm-out/ep2-b06-guardpick-0814/06-the-clipboard-ipa-r0-w015-s1.png
0.9870	0.9867	farm-out/ep2-b06-guardpick-0814/06-the-clipboard-ipa-r0-w015-s2.png
0.5833	0.5811	farm-out/ep2-b06-guardpick-0814/06-the-clipboard-ipa-r0-w015-s3.png
0.8772	0.8771	farm-out/ep2-b06-guardpick-0814/06-the-clipboard-ipa-r1-w015-s0.png
0.6209	0.0081	farm-out/ep2-b06-guardpick-0814/06-the-clipboard-ipa-r1-w015-s1.png
0.8305	0.8287	farm-out/ep2-b06-guardpick-0814/06-the-clipboard-ipa-r1-w015-s2.png
0.5754	0.5736	farm-out/ep2-b06-guardpick-0814/06-the-clipboard-ipa-r1-w015-s3.png
0.2363	0.0235	farm-out/ep2-b06-guardpick-0814/06-the-clipboard-ipa-r2-w015-s0.png
0.4136	0.3035	farm-out/ep2-b06-guardpick-0814/06-the-clipboard-ipa-r2-w015-s1.png
0.4024	0.3263	farm-out/ep2-b06-guardpick-0814/06-the-clipboard-ipa-r2-w015-s2.png
0.4973	0.1384	farm-out/ep2-b06-guardpick-0814/06-the-clipboard-ipa-r2-w015-s3.png
0.6134	0.6084	farm-out/ep2-b06-guardpick-0814/06-the-clipboard-ipa-r3-w015-s0.png
0.2840	0.0463	farm-out/ep2-b06-guardpick-0814/06-the-clipboard-ipa-r3-w015-s1.png
0.4368	0.3524	farm-out/ep2-b06-guardpick-0814/06-the-clipboard-ipa-r3-w015-s2.png
0.5793	0.5689	farm-out/ep2-b06-guardpick-0814/06-the-clipboard-ipa-r3-w015-s3.png
0.0997	0.0008	farm-out/ep2-b06-idfix-r2/06-the-clipboard-wave1-s0.png
0.0153	0.0004	farm-out/ep2-b06-idfix-r2/06-the-clipboard-wave1-s1.png
0.1130	0.0273	farm-out/ep2-b06-idfix-r2/06-the-clipboard-wave1-s2.png
0.0453	0.0001	farm-out/ep2-b06-idfix-r2/06-the-clipboard-wave1-s3.png
0.7924	0.6591	farm-out/ep2-b06-ipa-guardcast-0812/06-the-clipboard-ipa-r1-w015-s0.png
0.9701	0.9682	farm-out/ep2-b06-ipa-guardcast-0812/06-the-clipboard-ipa-r1-w015-s1.png
0.7922	0.7824	farm-out/ep2-b06-ipa-guardcast-0812/06-the-clipboard-ipa-r1-w015-s2.png
0.8292	0.8235	farm-out/ep2-b06-ipa-guardcast-0812/06-the-clipboard-ipa-r1-w015-s3.png
0.9387	0.9387	farm-out/ep2-b06-ipa-guardcast-0812/06-the-clipboard-ipa-r2-w015-s0.png
0.9448	0.9447	farm-out/ep2-b06-ipa-guardcast-0812/06-the-clipboard-ipa-r2-w015-s1.png
0.9172	0.9171	farm-out/ep2-b06-ipa-guardcast-0812/06-the-clipboard-ipa-r2-w015-s2.png
0.9536	0.9535	farm-out/ep2-b06-ipa-guardcast-0812/06-the-clipboard-ipa-r2-w015-s3.png
0.3961	0.2873	farm-out/ep2-b06-idfix/06-the-clipboard-wave1-s0.png
0.2806	0.2273	farm-out/ep2-b06-idfix/06-the-clipboard-wave1-s1.png
0.1692	0.0200	farm-out/ep2-b06-idfix/06-the-clipboard-wave1-s2.png
0.2577	0.1937	farm-out/ep2-b06-idfix/06-the-clipboard-wave1-s3.png
0.8164	0.8036	farm-out/ep2-b06-ipa-guardcast-0812/06-the-clipboard-ipa-r0-w015-s0.png
0.8448	0.8296	farm-out/ep2-b06-ipa-guardcast-0812/06-the-clipboard-ipa-r0-w015-s1.png
0.6065	0.5928	farm-out/ep2-b06-ipa-guardcast-0812/06-the-clipboard-ipa-r0-w015-s2.png
0.9026	0.7965	farm-out/ep2-b06-ipa-guardcast-0812/06-the-clipboard-ipa-r0-w015-s3.png
0.6126	0.6089	farm-out/ep2-b06-ipa-guardfair-0812/06-the-clipboard-ipa-r1-w015-s0.png
0.6129	0.1874	farm-out/ep2-b06-ipa-guardfair-0812/06-the-clipboard-ipa-r1-w015-s1.png
0.4822	0.4707	farm-out/ep2-b06-ipa-guardfair-0812/06-the-clipboard-ipa-r1-w015-s2.png
0.2523	0.0430	farm-out/ep2-b06-ipa-guardfair-0812/06-the-clipboard-ipa-r1-w015-s3.png
0.9460	0.9459	farm-out/ep2-b06-ipa-guardfair-0812/06-the-clipboard-ipa-r2-w015-s0.png
0.9411	0.9391	farm-out/ep2-b06-ipa-guardfair-0812/06-the-clipboard-ipa-r2-w015-s1.png
0.9336	0.9335	farm-out/ep2-b06-ipa-guardfair-0812/06-the-clipboard-ipa-r2-w015-s2.png
0.9410	0.9409	farm-out/ep2-b06-ipa-guardfair-0812/06-the-clipboard-ipa-r2-w015-s3.png
0.9495	0.9483	farm-out/ep2-b06-ipa-guardcast-0812/06-the-clipboard-ipa-r3-w015-s0.png
0.9963	0.9962	farm-out/ep2-b06-ipa-guardcast-0812/06-the-clipboard-ipa-r3-w015-s1.png
0.6822	0.6481	farm-out/ep2-b06-ipa-guardcast-0812/06-the-clipboard-ipa-r3-w015-s2.png
0.9728	0.9717	farm-out/ep2-b06-ipa-guardcast-0812/06-the-clipboard-ipa-r3-w015-s3.png
0.9296	0.9283	farm-out/ep2-b06-ipa-guardfair-0812/06-the-clipboard-ipa-r0-w015-s0.png
0.9346	0.9333	farm-out/ep2-b06-ipa-guardfair-0812/06-the-clipboard-ipa-r0-w015-s1.png
0.9303	0.9300	farm-out/ep2-b06-ipa-guardfair-0812/06-the-clipboard-ipa-r0-w015-s2.png
0.9116	0.9057	farm-out/ep2-b06-ipa-guardfair-0812/06-the-clipboard-ipa-r0-w015-s3.png
0.2937	0.2870	farm-out/ep2-b06-ipa-guardfair-0812/06-the-clipboard-ipa-r3-w015-s0.png
0.2206	0.1094	farm-out/ep2-b06-ipa-guardfair-0812/06-the-clipboard-ipa-r3-w015-s1.png
0.5500	0.5481	farm-out/ep2-b06-ipa-guardfair-0812/06-the-clipboard-ipa-r3-w015-s2.png
0.7084	0.7072	farm-out/ep2-b06-ipa-guardfair-0812/06-the-clipboard-ipa-r3-w015-s3.png
0.9278	0.9269	farm-out/ep2-b06-ipa-guardref-0812/06-the-clipboard-ipa-r0-w015-s0.png
0.9321	0.9313	farm-out/ep2-b06-ipa-guardref-0812/06-the-clipboard-ipa-r0-w015-s1.png
0.9284	0.9280	farm-out/ep2-b06-ipa-guardref-0812/06-the-clipboard-ipa-r0-w015-s2.png
0.9340	0.9330	farm-out/ep2-b06-ipa-guardref-0812/06-the-clipboard-ipa-r0-w015-s3.png
0.5609	0.5473	farm-out/ep2-b06-ipa-guardref-0812/06-the-clipboard-ipa-r1-w015-s0.png
0.6496	0.6477	farm-out/ep2-b06-ipa-guardref-0812/06-the-clipboard-ipa-r1-w015-s1.png
0.5843	0.5808	farm-out/ep2-b06-ipa-guardref-0812/06-the-clipboard-ipa-r1-w015-s2.png
0.2191	0.2094	farm-out/ep2-b06-ipa-guardref-0812/06-the-clipboard-ipa-r1-w015-s3.png
0.1935	0.1201	farm-out/ep2-b06-ipa-guardref-0812/06-the-clipboard-ipa-r2-w015-s0.png
0.8948	0.8946	farm-out/ep2-b06-ipa-guardref-0812/06-the-clipboard-ipa-r2-w015-s1.png
0.8759	0.8757	farm-out/ep2-b06-ipa-guardref-0812/06-the-clipboard-ipa-r2-w015-s2.png
0.8965	0.8912	farm-out/ep2-b06-ipa-guardref-0812/06-the-clipboard-ipa-r2-w015-s3.png
0.5517	0.4835	farm-out/ep2-b06-ipa-guardref-0812/06-the-clipboard-ipa-r3-w015-s0.png
0.1583	0.1133	farm-out/ep2-b06-ipa-guardref-0812/06-the-clipboard-ipa-r3-w015-s1.png
0.3061	0.1776	farm-out/ep2-b06-ipa-guardref-0812/06-the-clipboard-ipa-r3-w015-s2.png
0.3661	0.3337	farm-out/ep2-b06-ipa-guardref-0812/06-the-clipboard-ipa-r3-w015-s3.png
0.8279	0.8249	farm-out/ep2-b06-lw-0814/b05-init-704x1280.png
0.9892	0.9890	farm-out/ep2-b06-noscale-0813/b05-init-704x1280.png
0.7401	0.4613	farm-out/ep2-b06-pass-0814/b05-init-704x1280.png
0.1135	0.0001	farm-out/ep2-b06-plate-nos2-0815/06-the-clipboard-ipa-r0-w015-s0.png
0.0780	0.0001	farm-out/ep2-b06-plate-nos2-0815/06-the-clipboard-ipa-r0-w015-s1.png
0.1058	0.0007	farm-out/ep2-b06-plate-nos2-0815/06-the-clipboard-ipa-r0-w015-s2.png
0.0530	0.0001	farm-out/ep2-b06-plate-nos2-0815/06-the-clipboard-ipa-r0-w015-s3.png
0.1028	0.0291	farm-out/ep2-b06-plate-nos2-0815/06-the-clipboard-ipa-r1-w015-s0.png
0.0579	0.0199	farm-out/ep2-b06-plate-nos2-0815/06-the-clipboard-ipa-r1-w015-s1.png
0.0608	0.0000	farm-out/ep2-b06-plate-nos2-0815/06-the-clipboard-ipa-r1-w015-s2.png
0.0672	0.0001	farm-out/ep2-b06-plate-nos2-0815/06-the-clipboard-ipa-r1-w015-s3.png
0.0287	0.0006	farm-out/ep2-b06-plate-nos2-0815/06-the-clipboard-ipa-r2-w015-s0.png
0.1111	0.0000	farm-out/ep2-b06-plate-nos2-0815/06-the-clipboard-ipa-r2-w015-s1.png
0.0389	0.0002	farm-out/ep2-b06-plate-nos2-0815/06-the-clipboard-ipa-r2-w015-s2.png
0.0514	0.0003	farm-out/ep2-b06-plate-nos2-0815/06-the-clipboard-ipa-r2-w015-s3.png
0.1135	0.0001	farm-out/ep2-b06-plate-nos2-0815/06-the-clipboard-ipa-r3-w015-s0.png
0.0780	0.0001	farm-out/ep2-b06-plate-nos2-0815/06-the-clipboard-ipa-r3-w015-s1.png
0.1058	0.0007	farm-out/ep2-b06-plate-nos2-0815/06-the-clipboard-ipa-r3-w015-s2.png
0.0530	0.0001	farm-out/ep2-b06-plate-nos2-0815/06-the-clipboard-ipa-r3-w015-s3.png
0.1902	0.0037	farm-out/ep2-b06-prop-0815/06-the-clipboard-ipa-r0-w015-s0.png
0.0712	0.0002	farm-out/ep2-b06-prop-0815/06-the-clipboard-ipa-r0-w015-s1.png
0.0524	0.0009	farm-out/ep2-b06-prop-0815/06-the-clipboard-ipa-r0-w015-s2.png
0.0394	0.0012	farm-out/ep2-b06-prop-0815/06-the-clipboard-ipa-r0-w015-s3.png
0.1028	0.0001	farm-out/ep2-b06-prop-0815/06-the-clipboard-ipa-r1-w015-s0.png
0.0507	0.0001	farm-out/ep2-b06-prop-0815/06-the-clipboard-ipa-r1-w015-s1.png
0.0442	0.0001	farm-out/ep2-b06-prop-0815/06-the-clipboard-ipa-r1-w015-s2.png
0.0928	0.0048	farm-out/ep2-b06-prop-0815/06-the-clipboard-ipa-r1-w015-s3.png
0.0706	0.0069	farm-out/ep2-b06-prop-0815/06-the-clipboard-ipa-r2-w015-s0.png
0.0574	0.0006	farm-out/ep2-b06-prop-0815/06-the-clipboard-ipa-r2-w015-s1.png
0.1240	0.0011	farm-out/ep2-b06-prop-0815/06-the-clipboard-ipa-r2-w015-s2.png
0.2401	0.0779	farm-out/ep2-b06-prop-0815/06-the-clipboard-ipa-r2-w015-s3.png
0.1902	0.0037	farm-out/ep2-b06-prop-0815/06-the-clipboard-ipa-r3-w015-s0.png
0.0712	0.0002	farm-out/ep2-b06-prop-0815/06-the-clipboard-ipa-r3-w015-s1.png
0.0524	0.0009	farm-out/ep2-b06-prop-0815/06-the-clipboard-ipa-r3-w015-s2.png
0.0394	0.0012	farm-out/ep2-b06-prop-0815/06-the-clipboard-ipa-r3-w015-s3.png
0.2632	0.0001	farm-out/ep2-b06-prop2-0815/06-the-clipboard-ipa-r0-w015-s0.png
0.0313	0.0007	farm-out/ep2-b06-prop2-0815/06-the-clipboard-ipa-r0-w015-s1.png
0.2391	0.0002	farm-out/ep2-b06-prop2-0815/06-the-clipboard-ipa-r0-w015-s2.png
0.0714	0.0235	farm-out/ep2-b06-prop2-0815/06-the-clipboard-ipa-r0-w015-s3.png
0.1211	0.0017	farm-out/ep2-b06-prop2-0815/06-the-clipboard-ipa-r1-w015-s0.png
0.0824	0.0166	farm-out/ep2-b06-prop2-0815/06-the-clipboard-ipa-r1-w015-s1.png
0.0693	0.0077	farm-out/ep2-b06-prop2-0815/06-the-clipboard-ipa-r1-w015-s2.png
0.0620	0.0001	farm-out/ep2-b06-prop2-0815/06-the-clipboard-ipa-r1-w015-s3.png
0.1874	0.1325	farm-out/ep2-b06-prop2-0815/06-the-clipboard-ipa-r2-w015-s0.png
0.1222	0.0032	farm-out/ep2-b06-prop2-0815/06-the-clipboard-ipa-r2-w015-s1.png
0.0848	0.0048	farm-out/ep2-b06-prop2-0815/06-the-clipboard-ipa-r2-w015-s2.png
0.0859	0.0005	farm-out/ep2-b06-prop2-0815/06-the-clipboard-ipa-r2-w015-s3.png
0.2632	0.0001	farm-out/ep2-b06-prop2-0815/06-the-clipboard-ipa-r3-w015-s0.png
0.0313	0.0007	farm-out/ep2-b06-prop2-0815/06-the-clipboard-ipa-r3-w015-s1.png
0.2391	0.0002	farm-out/ep2-b06-prop2-0815/06-the-clipboard-ipa-r3-w015-s2.png
0.0714	0.0235	farm-out/ep2-b06-prop2-0815/06-the-clipboard-ipa-r3-w015-s3.png
0.7401	0.4613	farm-out/ep2-b06-read-0814/b05-init-704x1280.png
0.7401	0.4613	farm-out/ep2-b06-readBB-0814/b05-init-704x1280.png
0.2035	0.0631	farm-out/ep2-b06-refresh/06-the-clipboard-wave1-s0.png
0.2371	0.0728	farm-out/ep2-b06-refresh/06-the-clipboard-wave1-s1.png
0.1346	0.0031	farm-out/ep2-b06-refresh/06-the-clipboard-wave1-s2.png
0.1862	0.0791	farm-out/ep2-b06-refresh/06-the-clipboard-wave1-s3.png
0.9820	0.9816	farm-out/ep2-b06-scene-0814/06-the-clipboard-ipa-r0-w010-s0.png
0.2781	0.1109	farm-out/ep2-b06-scene-0814/06-the-clipboard-ipa-r0-w010-s1.png
0.0997	0.0001	farm-out/ep2-b06-scene-0814/06-the-clipboard-ipa-r0-w010-s2.png
0.1135	0.0001	farm-out/ep2-b06-scnc-0815/b06-init-704x1280.png
0.1135	0.0001	farm-out/ep2-b06-turn-0815/b06-init-704x1280.png
0.1135	0.0001	farm-out/ep2-b06-turnB-0815/b06-init-704x1280.png
0.0579	0.0199	farm-out/ep2-b06-turnnos2-49f-0815/b06-init-704x1280.png
0.0579	0.0199	farm-out/ep2-b06-turnnos2-49fB-0815/b06-init-704x1280.png
0.9892	0.9890	farm-out/ep2-b06-wave-0813/b05-init-704x1280.png
0.9892	0.9890	farm-out/ep2-b06-world-0813/b05-init-704x1280.png
0.9892	0.9890	farm-out/ep2-b06-world-0813B/b05-init-704x1280.png
0.7970	0.7958	farm-out/ep2-b06-scene-0814/06-the-clipboard-ipa-r0-w010-s3.png
0.9832	0.9829	farm-out/ep2-b06-scene-0814/06-the-clipboard-ipa-r0-w020-s0.png
0.7835	0.7825	farm-out/ep2-b06-scene-0814/06-the-clipboard-ipa-r0-w020-s1.png
0.9215	0.7448	farm-out/ep2-b06-scene-0814/06-the-clipboard-ipa-r0-w020-s2.png
0.8072	0.6654	farm-out/ep2-b06-scene-0814/06-the-clipboard-ipa-r0-w020-s3.png
0.7401	0.4613	farm-out/ep2-b06-scene-0814r/b05-init-704x1280.png
0.1135	0.0001	farm-out/ep2-b06-scene-0815/06-the-clipboard-ipa-r0-w015-s0.png
0.0780	0.0001	farm-out/ep2-b06-scene-0815/06-the-clipboard-ipa-r0-w015-s1.png
0.0635	0.0130	farm-out/ep2-b06-scene-0815/06-the-clipboard-ipa-r2-w015-s2.png
0.1303	0.0006	farm-out/ep2-b06-scene-0815/06-the-clipboard-ipa-r2-w015-s3.png
0.0287	0.0006	farm-out/ep2-b06-scene-0815/06-the-clipboard-ipa-r3-w015-s0.png
0.1111	0.0000	farm-out/ep2-b06-scene-0815/06-the-clipboard-ipa-r3-w015-s1.png
0.0389	0.0002	farm-out/ep2-b06-scene-0815/06-the-clipboard-ipa-r3-w015-s2.png
0.0514	0.0003	farm-out/ep2-b06-scene-0815/06-the-clipboard-ipa-r3-w015-s3.png
0.7401	0.4613	farm-out/ep2-b06-sceneB-0814r/b05-init-704x1280.png
0.1135	0.0001	farm-out/ep2-b06-scnb-0815/b06-init-704x1280.png
0.1058	0.0007	farm-out/ep2-b06-scene-0815/06-the-clipboard-ipa-r0-w015-s2.png
0.0530	0.0001	farm-out/ep2-b06-scene-0815/06-the-clipboard-ipa-r0-w015-s3.png
0.1028	0.0291	farm-out/ep2-b06-scene-0815/06-the-clipboard-ipa-r1-w015-s0.png
0.0579	0.0199	farm-out/ep2-b06-scene-0815/06-the-clipboard-ipa-r1-w015-s1.png
0.0608	0.0000	farm-out/ep2-b06-scene-0815/06-the-clipboard-ipa-r1-w015-s2.png
0.0672	0.0001	farm-out/ep2-b06-scene-0815/06-the-clipboard-ipa-r1-w015-s3.png
0.1657	0.1483	farm-out/ep2-b06-scene-0815/06-the-clipboard-ipa-r2-w015-s0.png
0.0860	0.0002	farm-out/ep2-b06-scene-0815/06-the-clipboard-ipa-r2-w015-s1.png
0.9130	0.9045	farm-out/ep2-b07-gp-0814/b05-init-704x1280.png
0.9130	0.9045	farm-out/ep2-b07-gpB-0814/b05-init-704x1280.png
0.9130	0.9045	farm-out/ep2-b07-guardpick-0814/07-confiscate-ipa-r0-w015-s0.png
0.7410	0.7406	farm-out/ep2-b07-guardpick-0814/07-confiscate-ipa-r0-w015-s1.png
0.9940	0.6306	farm-out/ep2-b07-guardpick-0814/07-confiscate-ipa-r0-w015-s2.png
0.8410	0.8238	farm-out/ep2-b07-guardpick-0814/07-confiscate-ipa-r0-w015-s3.png
0.4585	0.3676	farm-out/ep2-b07-guardpick-0814/07-confiscate-ipa-r1-w015-s0.png
0.7423	0.7417	farm-out/ep2-b07-guardpick-0814/07-confiscate-ipa-r1-w015-s1.png
0.8738	0.7848	farm-out/ep2-b07-guardpick-0814/07-confiscate-ipa-r1-w015-s2.png
0.6863	0.6788	farm-out/ep2-b07-guardpick-0814/07-confiscate-ipa-r1-w015-s3.png
0.8202	0.8023	farm-out/ep2-b07-guardpick-0814/07-confiscate-ipa-r2-w015-s0.png
0.2867	0.2242	farm-out/ep2-b07-guardpick-0814/07-confiscate-ipa-r2-w015-s1.png
0.5186	0.3104	farm-out/ep2-b07-guardpick-0814/07-confiscate-ipa-r2-w015-s2.png
0.3709	0.3366	farm-out/ep2-b07-guardpick-0814/07-confiscate-ipa-r2-w015-s3.png
0.3965	0.3373	farm-out/ep2-b07-guardpick-0814/07-confiscate-ipa-r3-w015-s0.png
0.5535	0.4430	farm-out/ep2-b07-guardpick-0814/07-confiscate-ipa-r3-w015-s1.png
0.5435	0.5097	farm-out/ep2-b07-guardpick-0814/07-confiscate-ipa-r3-w015-s2.png
0.8341	0.8308	farm-out/ep2-b07-guardpick-0814/07-confiscate-ipa-r3-w015-s3.png
0.1160	0.0015	farm-out/ep2-b07-idfix-r2/07-confiscate-wave1-s0.png
0.0553	0.0077	farm-out/ep2-b07-idfix-r2/07-confiscate-wave1-s1.png
0.0942	0.0000	farm-out/ep2-b07-idfix-r2/07-confiscate-wave1-s2.png
0.0479	0.0004	farm-out/ep2-b07-idfix-r2/07-confiscate-wave1-s3.png
0.1314	0.0002	farm-out/ep2-b07-idfix/07-confiscate-wave1-s0.png
0.0704	0.0001	farm-out/ep2-b07-idfix/07-confiscate-wave1-s1.png
0.0394	0.0001	farm-out/ep2-b07-idfix/07-confiscate-wave1-s2.png
0.0577	0.0000	farm-out/ep2-b07-idfix/07-confiscate-wave1-s3.png
0.9130	0.9045	farm-out/ep2-b07-lw-0814/b05-init-704x1280.png
0.4531	0.4394	farm-out/ep2-b07-mixedrefs-0815/07-confiscate-ipa-r0-w015-s0.png
0.5170	0.5023	farm-out/ep2-b07-mixedrefs-0815/07-confiscate-ipa-r0-w015-s1.png
0.0528	0.0001	farm-out/ep2-b07-mixedrefs-0815/07-confiscate-ipa-r0-w015-s2.png
0.1156	0.0005	farm-out/ep2-b07-mixedrefs-0815/07-confiscate-ipa-r0-w015-s3.png
0.0487	0.0228	farm-out/ep2-b07-mixedrefs-0815/07-confiscate-ipa-r1-w015-s0.png
0.0128	0.0019	farm-out/ep2-b07-mixedrefs-0815/07-confiscate-ipa-r1-w015-s1.png
0.3778	0.3004	farm-out/ep2-b07-mixedrefs-0815/07-confiscate-ipa-r1-w015-s2.png
0.3383	0.3352	farm-out/ep2-b07-mixedrefs-0815/07-confiscate-ipa-r1-w015-s3.png
0.9130	0.9045	farm-out/ep2-b07-mixedrefs-0815/07-confiscate-ipa-r2-w015-s0.png
0.7410	0.7406	farm-out/ep2-b07-mixedrefs-0815/07-confiscate-ipa-r2-w015-s1.png
0.9940	0.6306	farm-out/ep2-b07-mixedrefs-0815/07-confiscate-ipa-r2-w015-s2.png
0.8410	0.8238	farm-out/ep2-b07-mixedrefs-0815/07-confiscate-ipa-r2-w015-s3.png
0.4585	0.3676	farm-out/ep2-b07-mixedrefs-0815/07-confiscate-ipa-r3-w015-s0.png
0.7423	0.7417	farm-out/ep2-b07-mixedrefs-0815/07-confiscate-ipa-r3-w015-s1.png
0.8738	0.7848	farm-out/ep2-b07-mixedrefs-0815/07-confiscate-ipa-r3-w015-s2.png
0.6863	0.6788	farm-out/ep2-b07-mixedrefs-0815/07-confiscate-ipa-r3-w015-s3.png
0.0998	0.0001	farm-out/ep2-b07-refresh/07-confiscate-wave1-s0.png
0.1169	0.0129	farm-out/ep2-b07-refresh/07-confiscate-wave1-s1.png
0.1078	0.0001	farm-out/ep2-b07-refresh/07-confiscate-wave1-s2.png
0.0660	0.0005	farm-out/ep2-b07-refresh/07-confiscate-wave1-s3.png
0.4625	0.0631	farm-out/ep2-b07-s49-0815/b07-init-704x1280.png
0.4625	0.0631	farm-out/ep2-b07-s49B-0815/b07-init-704x1280.png
0.4625	0.0631	farm-out/ep2-b07-scene-0815/07-confiscate-ipa-r0-w015-s0.png
0.0256	0.0026	farm-out/ep2-b07-scene-0815/07-confiscate-ipa-r0-w015-s1.png
0.0379	0.0001	farm-out/ep2-b07-scene-0815/07-confiscate-ipa-r0-w015-s2.png
0.0753	0.0646	farm-out/ep2-b07-scene-0815/07-confiscate-ipa-r0-w015-s3.png
0.4131	0.0019	farm-out/ep2-b07-scene-0815/07-confiscate-ipa-r1-w015-s0.png
0.4192	0.3115	farm-out/ep2-b07-scene-0815/07-confiscate-ipa-r1-w015-s1.png
0.0291	0.0057	farm-out/ep2-b07-scene-0815/07-confiscate-ipa-r1-w015-s2.png
0.1719	0.0698	farm-out/ep2-b07-scene-0815/07-confiscate-ipa-r1-w015-s3.png
0.1167	0.1001	farm-out/ep2-b07-scene-0815/07-confiscate-ipa-r2-w015-s0.png
0.4064	0.3903	farm-out/ep2-b07-scene-0815/07-confiscate-ipa-r2-w015-s1.png
0.0894	0.0445	farm-out/ep2-b07-scene-0815/07-confiscate-ipa-r2-w015-s2.png
0.0958	0.0339	farm-out/ep2-b07-scene-0815/07-confiscate-ipa-r2-w015-s3.png
0.0928	0.0832	farm-out/ep2-b07-scene-0815/07-confiscate-ipa-r3-w015-s0.png
0.1111	0.0219	farm-out/ep2-b07-scene-0815/07-confiscate-ipa-r3-w015-s1.png
0.1053	0.0498	farm-out/ep2-b07-scene-0815/07-confiscate-ipa-r3-w015-s2.png
0.0762	0.0339	farm-out/ep2-b07-scene-0815/07-confiscate-ipa-r3-w015-s3.png
0.4625	0.0631	farm-out/ep2-b07-scnb-0815/b07-init-704x1280.png
0.4625	0.0631	farm-out/ep2-b07-scnc-0815/b07-init-704x1280.png
0.9892	0.9890	farm-out/ep2-b07-wave-0813/b05-init-704x1280.png
0.9892	0.9890	farm-out/ep2-b07-world-0813/b05-init-704x1280.png
0.5849	0.5544	farm-out/ep2-b08-bureaucrat/b19-init-704x1280.png
0.5849	0.5544	farm-out/ep2-b08-bureaucratB/b19-init-704x1280.png
0.5849	0.5544	farm-out/ep2-b08-guardman/b19-init-704x1280.png
0.0383	0.0001	farm-out/ep2-b08-idfix/08-inside-him-wave1-s3.png
0.4144	0.0008	farm-out/ep2-b08-ipa-frozen-0812/08-inside-him-ipa-r0-w015-s0.png
0.5849	0.5544	farm-out/ep2-b08-ipa-frozen-0812/08-inside-him-ipa-r0-w015-s1.png
0.7719	0.7703	farm-out/ep2-b08-ipa-frozen-0812/08-inside-him-ipa-r0-w015-s2.png
0.7242	0.7237	farm-out/ep2-b08-ipa-frozen-0812/08-inside-him-ipa-r0-w015-s3.png
0.4144	0.0008	farm-out/ep2-b08-ipa-frozen-0812/08-inside-him-ipa-r1-w015-s0.png
0.5849	0.5544	farm-out/ep2-b08-ipa-frozen-0812/08-inside-him-ipa-r1-w015-s1.png
0.7719	0.7703	farm-out/ep2-b08-ipa-frozen-0812/08-inside-him-ipa-r1-w015-s2.png
0.5849	0.5544	farm-out/ep2-b08-guardmanB/b19-init-704x1280.png
0.0556	0.0079	farm-out/ep2-b08-idfix-r2/08-inside-him-wave1-s0.png
0.0538	0.0040	farm-out/ep2-b08-idfix-r2/08-inside-him-wave1-s1.png
0.0450	0.0059	farm-out/ep2-b08-idfix-r2/08-inside-him-wave1-s2.png
0.1415	0.0013	farm-out/ep2-b08-idfix-r2/08-inside-him-wave1-s3.png
0.0741	0.0151	farm-out/ep2-b08-idfix/08-inside-him-wave1-s0.png
0.0558	0.0015	farm-out/ep2-b08-idfix/08-inside-him-wave1-s1.png
0.0750	0.0002	farm-out/ep2-b08-idfix/08-inside-him-wave1-s2.png
0.7242	0.7237	farm-out/ep2-b08-ipa-frozen-0812/08-inside-him-ipa-r1-w015-s3.png
0.0437	0.0212	farm-out/ep2-b08-ipa-frozen-0812/08-inside-him-ipa-r2-w015-s0.png
0.3875	0.0242	farm-out/ep2-b08-ipa-frozen-0812/08-inside-him-ipa-r2-w015-s1.png
0.7590	0.7150	farm-out/ep2-b08-ipa-frozen-0812/08-inside-him-ipa-r2-w015-s2.png
0.6258	0.6224	farm-out/ep2-b08-ipa-frozen-0812/08-inside-him-ipa-r2-w015-s3.png
0.0437	0.0212	farm-out/ep2-b08-ipa-frozen-0812/08-inside-him-ipa-r3-w015-s0.png
0.3875	0.0242	farm-out/ep2-b08-ipa-frozen-0812/08-inside-him-ipa-r3-w015-s1.png
0.7590	0.7150	farm-out/ep2-b08-ipa-frozen-0812/08-inside-him-ipa-r3-w015-s2.png
0.1574	0.0001	farm-out/ep2-b08-plate-0814/08-inside-him-ipa-r3-w015-s3.png
0.0825	0.0033	farm-out/ep2-b08-refresh/08-inside-him-wave1-s0.png
0.0769	0.0151	farm-out/ep2-b08-refresh/08-inside-him-wave1-s1.png
0.0410	0.0029	farm-out/ep2-b08-refresh/08-inside-him-wave1-s2.png
0.0844	0.0156	farm-out/ep2-b08-refresh/08-inside-him-wave1-s3.png
0.5849	0.5544	farm-out/ep2-b08-twohander/b19-init-704x1280.png
0.9892	0.9890	farm-out/ep2-b09-close-0813/b05-init-704x1280.png
0.9892	0.9890	farm-out/ep2-b09-closeB-0813/b05-init-704x1280.png
0.9683	0.9663	farm-out/ep2-b09-gp-0814/b05-init-704x1280.png
0.9683	0.9663	farm-out/ep2-b09-gpB-0814/b05-init-704x1280.png
0.9683	0.9663	farm-out/ep2-b09-guardpick-0814/09-the-pause-ipa-r0-w015-s0.png
0.7851	0.7850	farm-out/ep2-b09-guardpick-0814/09-the-pause-ipa-r0-w015-s1.png
0.9760	0.9759	farm-out/ep2-b09-guardpick-0814/09-the-pause-ipa-r0-w015-s2.png
0.9795	0.9790	farm-out/ep2-b09-guardpick-0814/09-the-pause-ipa-r0-w015-s3.png
0.8319	0.8141	farm-out/ep2-b09-guardpick-0814/09-the-pause-ipa-r1-w015-s0.png
0.7484	0.7479	farm-out/ep2-b09-guardpick-0814/09-the-pause-ipa-r1-w015-s1.png
0.6258	0.6224	farm-out/ep2-b08-ipa-frozen-0812/08-inside-him-ipa-r3-w015-s3.png
0.0191	0.0023	farm-out/ep2-b08-plate-0814/08-inside-him-ipa-r0-w015-s0.png
0.1056	0.0001	farm-out/ep2-b08-plate-0814/08-inside-him-ipa-r0-w015-s1.png
0.0364	0.0073	farm-out/ep2-b08-plate-0814/08-inside-him-ipa-r0-w015-s2.png
0.3617	0.2039	farm-out/ep2-b08-plate-0814/08-inside-him-ipa-r0-w015-s3.png
0.0259	0.0005	farm-out/ep2-b08-plate-0814/08-inside-him-ipa-r1-w015-s0.png
0.1836	0.0207	farm-out/ep2-b08-plate-0814/08-inside-him-ipa-r1-w015-s1.png
0.5029	0.0428	farm-out/ep2-b08-plate-0814/08-inside-him-ipa-r1-w015-s2.png
0.0109	0.0021	farm-out/ep2-b08-plate-0814/08-inside-him-ipa-r1-w015-s3.png
0.1964	0.1760	farm-out/ep2-b08-plate-0814/08-inside-him-ipa-r2-w015-s0.png
0.1899	0.0004	farm-out/ep2-b08-plate-0814/08-inside-him-ipa-r2-w015-s1.png
0.2242	0.0169	farm-out/ep2-b08-plate-0814/08-inside-him-ipa-r2-w015-s2.png
0.0966	0.0582	farm-out/ep2-b08-plate-0814/08-inside-him-ipa-r2-w015-s3.png
0.0518	0.0002	farm-out/ep2-b08-plate-0814/08-inside-him-ipa-r3-w015-s0.png
0.1067	0.0050	farm-out/ep2-b08-plate-0814/08-inside-him-ipa-r3-w015-s1.png
0.1591	0.0006	farm-out/ep2-b08-plate-0814/08-inside-him-ipa-r3-w015-s2.png
0.8271	0.8258	farm-out/ep2-b09-guardpick-0814/09-the-pause-ipa-r1-w015-s2.png
0.7103	0.7088	farm-out/ep2-b09-guardpick-0814/09-the-pause-ipa-r1-w015-s3.png
0.1287	0.0785	farm-out/ep2-b09-guardpick-0814/09-the-pause-ipa-r2-w015-s0.png
0.3202	0.3003	farm-out/ep2-b09-guardpick-0814/09-the-pause-ipa-r2-w015-s1.png
0.3915	0.3607	farm-out/ep2-b09-guardpick-0814/09-the-pause-ipa-r2-w015-s2.png
0.0521	0.0229	farm-out/ep2-b09-guardpick-0814/09-the-pause-ipa-r2-w015-s3.png
0.6305	0.5938	farm-out/ep2-b09-guardpick-0814/09-the-pause-ipa-r3-w015-s0.png
0.5956	0.5203	farm-out/ep2-b09-guardpick-0814/09-the-pause-ipa-r3-w015-s1.png
0.0778	0.0169	farm-out/ep2-b09-idfix/09-the-pause-wave1-s2.png
0.1300	0.0039	farm-out/ep2-b09-idfix/09-the-pause-wave1-s3.png
0.9683	0.9663	farm-out/ep2-b09-lw-0814/b05-init-704x1280.png
0.0135	0.0001	farm-out/ep2-b09-pause-49f-0815/b09-init-704x1280.png
0.0135	0.0001	farm-out/ep2-b09-pause-49fB-0815/b09-init-704x1280.png
0.0135	0.0001	farm-out/ep2-b09-pause-49fC-0815/b09-init-704x1280.png
0.1178	0.0070	farm-out/ep2-b09-pause-tight-0815/b09-init-704x1280.png
0.1178	0.0070	farm-out/ep2-b09-pause-tightB-0815/b09-init-704x1280.png
0.9837	0.9636	farm-out/ep2-b09-guardpick-0814/09-the-pause-ipa-r3-w015-s2.png
0.9525	0.9520	farm-out/ep2-b09-guardpick-0814/09-the-pause-ipa-r3-w015-s3.png
0.1744	0.0090	farm-out/ep2-b09-idfix-r2/09-the-pause-wave1-s0.png
0.1979	0.0015	farm-out/ep2-b09-idfix-r2/09-the-pause-wave1-s1.png
0.0768	0.0002	farm-out/ep2-b09-idfix-r2/09-the-pause-wave1-s2.png
0.0703	0.0018	farm-out/ep2-b09-idfix-r2/09-the-pause-wave1-s3.png
0.1165	0.0240	farm-out/ep2-b09-idfix/09-the-pause-wave1-s0.png
0.3483	0.3055	farm-out/ep2-b09-idfix/09-the-pause-wave1-s1.png
0.1178	0.0070	farm-out/ep2-b09-pause-tightC-0815/b09-init-704x1280.png
0.1178	0.0070	farm-out/ep2-b09-plate-nos2-0815/09-the-pause-ipa-r0-w015-s0.png
0.0679	0.0015	farm-out/ep2-b09-plate-nos2-0815/09-the-pause-ipa-r0-w015-s1.png
0.1714	0.0820	farm-out/ep2-b09-plate-nos2-0815/09-the-pause-ipa-r0-w015-s2.png
0.2744	0.0305	farm-out/ep2-b09-plate-nos2-0815/09-the-pause-ipa-r0-w015-s3.png
0.0135	0.0001	farm-out/ep2-b09-plate-nos2-0815/09-the-pause-ipa-r1-w015-s0.png
0.0684	0.0100	farm-out/ep2-b09-plate-nos2-0815/09-the-pause-ipa-r1-w015-s1.png
0.0362	0.0027	farm-out/ep2-b09-plate-nos2-0815/09-the-pause-ipa-r1-w015-s2.png
0.1294	0.0000	farm-out/ep2-b09-plate-nos2-0815/09-the-pause-ipa-r1-w015-s3.png
0.0661	0.0181	farm-out/ep2-b09-plate-nos2-0815/09-the-pause-ipa-r2-w015-s0.png
0.0714	0.0013	farm-out/ep2-b09-plate-nos2-0815/09-the-pause-ipa-r2-w015-s1.png
0.2407	0.0001	farm-out/ep2-b09-plate-nos2-0815/09-the-pause-ipa-r2-w015-s2.png
0.1579	0.1173	farm-out/ep2-b09-plate-nos2-0815/09-the-pause-ipa-r2-w015-s3.png
0.1178	0.0070	farm-out/ep2-b09-plate-nos2-0815/09-the-pause-ipa-r3-w015-s0.png
0.0679	0.0015	farm-out/ep2-b09-plate-nos2-0815/09-the-pause-ipa-r3-w015-s1.png
0.1714	0.0820	farm-out/ep2-b09-plate-nos2-0815/09-the-pause-ipa-r3-w015-s2.png
0.2744	0.0305	farm-out/ep2-b09-plate-nos2-0815/09-the-pause-ipa-r3-w015-s3.png
0.1546	0.0006	farm-out/ep2-b09-refresh/09-the-pause-wave1-s0.png
0.1342	0.0079	farm-out/ep2-b09-refresh/09-the-pause-wave1-s1.png
0.0905	0.0002	farm-out/ep2-b09-refresh/09-the-pause-wave1-s2.png
0.0958	0.0000	farm-out/ep2-b09-refresh/09-the-pause-wave1-s3.png
0.0627	0.0006	farm-out/ep2-b09-s49-0815/b09-init-704x1280.png
0.0627	0.0006	farm-out/ep2-b09-s49B-0815/b09-init-704x1280.png
0.9732	0.9727	farm-out/ep2-b09-scene-0814/09-the-pause-ipa-r0-w015-s0.png
0.7333	0.6889	farm-out/ep2-b09-scene-0814/09-the-pause-ipa-r2-w015-s1.png
0.6108	0.6099	farm-out/ep2-b09-scene-0814/09-the-pause-ipa-r2-w015-s2.png
0.9642	0.9635	farm-out/ep2-b09-scene-0814/09-the-pause-ipa-r2-w015-s3.png
0.6952	0.6413	farm-out/ep2-b09-scene-0814/09-the-pause-ipa-r3-w015-s0.png
0.9303	0.9300	farm-out/ep2-b09-scene-0814/09-the-pause-ipa-r3-w015-s1.png
0.7529	0.7524	farm-out/ep2-b09-scene-0814/09-the-pause-ipa-r3-w015-s2.png
0.7757	0.3161	farm-out/ep2-b09-scene-0814/09-the-pause-ipa-r3-w015-s3.png
0.7401	0.4613	farm-out/ep2-b09-scene-0814r/b05-init-704x1280.png
0.9535	0.9524	farm-out/ep2-b09-scene-0814/09-the-pause-ipa-r0-w015-s1.png
0.9583	0.9580	farm-out/ep2-b09-scene-0814/09-the-pause-ipa-r0-w015-s2.png
0.9415	0.9403	farm-out/ep2-b09-scene-0814/09-the-pause-ipa-r0-w015-s3.png
0.9434	0.9412	farm-out/ep2-b09-scene-0814/09-the-pause-ipa-r1-w015-s0.png
0.8570	0.8539	farm-out/ep2-b09-scene-0814/09-the-pause-ipa-r1-w015-s1.png
0.9968	0.9964	farm-out/ep2-b09-scene-0814/09-the-pause-ipa-r1-w015-s2.png
0.9643	0.9636	farm-out/ep2-b09-scene-0814/09-the-pause-ipa-r1-w015-s3.png
0.9531	0.9530	farm-out/ep2-b09-scene-0814/09-the-pause-ipa-r2-w015-s0.png
0.0627	0.0006	farm-out/ep2-b09-scene-r2-0815/09-the-pause-ipa-r0-w015-s0.png
0.0150	0.0000	farm-out/ep2-b09-scene-r2-0815/09-the-pause-ipa-r0-w015-s1.png
0.0157	0.0028	farm-out/ep2-b09-scene-r2-0815/09-the-pause-ipa-r0-w015-s2.png
0.0903	0.0116	farm-out/ep2-b09-scene-r2-0815/09-the-pause-ipa-r0-w015-s3.png
0.0346	0.0022	farm-out/ep2-b09-scene-r2-0815/09-the-pause-ipa-r1-w015-s0.png
0.0286	0.0009	farm-out/ep2-b09-scene-r2-0815/09-the-pause-ipa-r1-w015-s1.png
0.1134	0.0016	farm-out/ep2-b09-scene-r2-0815/09-the-pause-ipa-r1-w015-s2.png
0.1903	0.0036	farm-out/ep2-b09-scene-r2-0815/09-the-pause-ipa-r1-w015-s3.png
0.1419	0.1356	farm-out/ep2-b09-scene-r2-0815/09-the-pause-ipa-r2-w015-s0.png
0.3040	0.2025	farm-out/ep2-b09-scene-r2-0815/09-the-pause-ipa-r2-w015-s1.png
0.1591	0.1219	farm-out/ep2-b09-scene-r2-0815/09-the-pause-ipa-r2-w015-s2.png
0.2106	0.1602	farm-out/ep2-b09-scene-r2-0815/09-the-pause-ipa-r2-w015-s3.png
0.0425	0.0004	farm-out/ep2-b09-scene-r2-0815/09-the-pause-ipa-r3-w015-s0.png
0.1073	0.0002	farm-out/ep2-b09-scene-r2-0815/09-the-pause-ipa-r3-w015-s1.png
0.0454	0.0001	farm-out/ep2-b09-scene-r2-0815/09-the-pause-ipa-r3-w015-s2.png
0.0954	0.0027	farm-out/ep2-b09-scene-r2-0815/09-the-pause-ipa-r3-w015-s3.png
0.0662	0.0006	farm-out/ep2-b09-scene3-0815/09-the-pause-ipa-r0-w015-s0.png
0.0525	0.0003	farm-out/ep2-b09-scene3-0815/09-the-pause-ipa-r0-w015-s1.png
0.1348	0.0033	farm-out/ep2-b09-scene3-0815/09-the-pause-ipa-r0-w015-s2.png
0.1539	0.0006	farm-out/ep2-b09-scene3-0815/09-the-pause-ipa-r0-w015-s3.png
0.0399	0.0014	farm-out/ep2-b09-scene3-0815/09-the-pause-ipa-r1-w015-s0.png
0.0544	0.0015	farm-out/ep2-b09-scene3-0815/09-the-pause-ipa-r1-w015-s1.png
0.0463	0.0097	farm-out/ep2-b09-scene3-0815/09-the-pause-ipa-r1-w015-s2.png
0.1377	0.0000	farm-out/ep2-b09-scene3-0815/09-the-pause-ipa-r1-w015-s3.png
0.2726	0.2589	farm-out/ep2-b09-scene3-0815/09-the-pause-ipa-r2-w015-s0.png
0.2733	0.2207	farm-out/ep2-b09-scene3-0815/09-the-pause-ipa-r2-w015-s1.png
0.2744	0.2611	farm-out/ep2-b09-scene3-0815/09-the-pause-ipa-r2-w015-s2.png
0.1476	0.1079	farm-out/ep2-b09-scene3-0815/09-the-pause-ipa-r2-w015-s3.png
0.0239	0.0018	farm-out/ep2-b09-scene3-0815/09-the-pause-ipa-r3-w015-s0.png
0.1071	0.0729	farm-out/ep2-b09-scene3-0815/09-the-pause-ipa-r3-w015-s1.png
0.2151	0.0002	farm-out/ep2-b09-scene3-0815/09-the-pause-ipa-r3-w015-s2.png
0.1381	0.1467	farm-out/ep2-b09-scene3-0815/09-the-pause-ipa-r3-w015-s3.png
0.0441	0.0015	farm-out/ep2-b10-bark-a1s4-0815/b10-init-704x1280.png
0.0441	0.0015	farm-out/ep2-b10-bark-barkface-0815/b10-init-704x1280.png
0.0441	0.0015	farm-out/ep2-b10-bark-camA-0815/b10-init-704x1280.png
0.0441	0.0015	farm-out/ep2-b10-bark-camB-0815/b10-init-704x1280.png
0.0441	0.0015	farm-out/ep2-b10-bark-camBs2-0815/b10-init-704x1280.png
0.0441	0.0015	farm-out/ep2-b10-bark-camBs3-0815/b10-init-704x1280.png
0.0441	0.0015	farm-out/ep2-b10-bark-camBs4-0815/b10-init-704x1280.png
0.0441	0.0015	farm-out/ep2-b10-bark-pathneg-0815/b10-init-704x1280.png
0.7401	0.4613	farm-out/ep2-b09-sceneB-0814r/b05-init-704x1280.png
0.0627	0.0006	farm-out/ep2-b09-scnb-0815/b09-init-704x1280.png
0.0627	0.0006	farm-out/ep2-b09-scnc-0815/b09-init-704x1280.png
0.9892	0.9890	farm-out/ep2-b09-wave-0813/b05-init-704x1280.png
0.9892	0.9890	farm-out/ep2-b09-world-0813/b05-init-704x1280.png
0.9892	0.9890	farm-out/ep2-b09-world-0813B/b05-init-704x1280.png
0.0441	0.0015	farm-out/ep2-b10-bark-a1s2-0815/b10-init-704x1280.png
0.0441	0.0015	farm-out/ep2-b10-bark-a1s3-0815/b10-init-704x1280.png
0.1178	0.0070	farm-out/ep2-b09-scene4-0815/09-the-pause-ipa-r0-w015-s0.png
0.0679	0.0015	farm-out/ep2-b09-scene4-0815/09-the-pause-ipa-r0-w015-s1.png
0.1714	0.0820	farm-out/ep2-b09-scene4-0815/09-the-pause-ipa-r0-w015-s2.png
0.2744	0.0305	farm-out/ep2-b09-scene4-0815/09-the-pause-ipa-r0-w015-s3.png
0.0135	0.0001	farm-out/ep2-b09-scene4-0815/09-the-pause-ipa-r1-w015-s0.png
0.0684	0.0100	farm-out/ep2-b09-scene4-0815/09-the-pause-ipa-r1-w015-s1.png
0.0362	0.0027	farm-out/ep2-b09-scene4-0815/09-the-pause-ipa-r1-w015-s2.png
0.1294	0.0000	farm-out/ep2-b09-scene4-0815/09-the-pause-ipa-r1-w015-s3.png
0.0441	0.0015	farm-out/ep2-b10-bark-slow-0815/b10-init-704x1280.png
0.0441	0.0015	farm-out/ep2-b10-bark-slows2-0815/b10-init-704x1280.png
0.0441	0.0015	farm-out/ep2-b10-bark-slows3-0815/b10-init-704x1280.png
0.0441	0.0015	farm-out/ep2-b10-bark-slows4-0815/b10-init-704x1280.png
0.0441	0.0015	farm-out/ep2-b10-barkmotion-a1-0815/b10-init-704x1280.png
0.0441	0.0015	farm-out/ep2-b10-barkmotion-b1-0815/b10-init-704x1280.png
0.0540	0.0001	farm-out/ep2-b10-conf-0814/b05-init-704x1280.png
0.7502	0.7445	farm-out/ep2-b10-gp-0814/b05-init-704x1280.png
0.0592	0.0099	farm-out/ep2-b09-scene4-0815/09-the-pause-ipa-r2-w015-s0.png
0.3126	0.2349	farm-out/ep2-b09-scene4-0815/09-the-pause-ipa-r2-w015-s1.png
0.3311	0.2705	farm-out/ep2-b09-scene4-0815/09-the-pause-ipa-r2-w015-s2.png
0.3221	0.0205	farm-out/ep2-b09-scene4-0815/09-the-pause-ipa-r2-w015-s3.png
0.0661	0.0181	farm-out/ep2-b09-scene4-0815/09-the-pause-ipa-r3-w015-s0.png
0.0714	0.0013	farm-out/ep2-b09-scene4-0815/09-the-pause-ipa-r3-w015-s1.png
0.2407	0.0001	farm-out/ep2-b09-scene4-0815/09-the-pause-ipa-r3-w015-s2.png
0.1579	0.1173	farm-out/ep2-b09-scene4-0815/09-the-pause-ipa-r3-w015-s3.png
0.7502	0.7445	farm-out/ep2-b10-gpB-0814/b05-init-704x1280.png
0.7502	0.7445	farm-out/ep2-b10-guardpick-0814/10-no-form-ipa-r0-w015-s0.png
0.4917	0.0832	farm-out/ep2-b10-guardpick-0814/10-no-form-ipa-r0-w015-s1.png
0.6199	0.5156	farm-out/ep2-b10-guardpick-0814/10-no-form-ipa-r0-w015-s2.png
0.8904	0.8850	farm-out/ep2-b10-guardpick-0814/10-no-form-ipa-r0-w015-s3.png
0.7410	0.7404	farm-out/ep2-b10-guardpick-0814/10-no-form-ipa-r1-w015-s0.png
0.9433	0.9425	farm-out/ep2-b10-guardpick-0814/10-no-form-ipa-r1-w015-s1.png
0.5037	0.3964	farm-out/ep2-b10-guardpick-0814/10-no-form-ipa-r1-w015-s2.png
0.7249	0.7188	farm-out/ep2-b10-guardpick-0814/10-no-form-ipa-r1-w015-s3.png
0.2483	0.1869	farm-out/ep2-b10-guardpick-0814/10-no-form-ipa-r2-w015-s0.png
0.2023	0.1448	farm-out/ep2-b10-guardpick-0814/10-no-form-ipa-r2-w015-s1.png
0.2173	0.0233	farm-out/ep2-b10-guardpick-0814/10-no-form-ipa-r2-w015-s2.png
0.0562	0.0001	farm-out/ep2-b10-guardpick-0814/10-no-form-ipa-r2-w015-s3.png
0.2379	0.0004	farm-out/ep2-b10-guardpick-0814/10-no-form-ipa-r3-w015-s0.png
0.4228	0.4182	farm-out/ep2-b10-guardpick-0814/10-no-form-ipa-r3-w015-s1.png
0.4544	0.3787	farm-out/ep2-b10-guardpick-0814/10-no-form-ipa-r3-w015-s2.png
0.1281	0.0008	farm-out/ep2-b10-idfix/10-no-form-wave1-s3.png
0.7502	0.7445	farm-out/ep2-b10-lw-0814/b05-init-704x1280.png
0.0451	0.0015	farm-out/ep2-b10-noform-49f-0815/b10-init-704x1280.png
0.0451	0.0015	farm-out/ep2-b10-noform-49fB-0815/b10-init-704x1280.png
0.0451	0.0015	farm-out/ep2-b10-noform-mv3-0815/b10-init-704x1280.png
0.0451	0.0015	farm-out/ep2-b10-noform-mv3s2-0815/b10-init-704x1280.png
0.0193	0.0004	farm-out/ep2-b10-noform-s1-49f-0815/b10-init-704x1280.png
0.0193	0.0004	farm-out/ep2-b10-noform-s1-49fB-0815/b10-init-704x1280.png
0.0190	0.0001	farm-out/ep2-b10-noform-wide-0815/b10-init-704x1280.png
0.9892	0.9890	farm-out/ep2-b10-noscale-0813/b05-init-704x1280.png
0.0540	0.0001	farm-out/ep2-b10-pair-0814/b05-init-704x1280.png
0.0540	0.0001	farm-out/ep2-b10-pairB-0814/b05-init-704x1280.png
0.0441	0.0015	farm-out/ep2-b10-pathneg-s2-0816/b10-init-704x1280.png
0.0441	0.0015	farm-out/ep2-b10-pathneg-s3-0816/b10-init-704x1280.png
0.0441	0.0015	farm-out/ep2-b10-pathneg-s4-0816/b10-init-704x1280.png
0.0441	0.0015	farm-out/ep2-b10-pathneg-s5-0816/b10-init-704x1280.png
0.2996	0.2529	farm-out/ep2-b10-guardpick-0814/10-no-form-ipa-r3-w015-s3.png
0.0603	0.0001	farm-out/ep2-b10-idfix-r2/10-no-form-wave1-s0.png
0.0543	0.0001	farm-out/ep2-b10-idfix-r2/10-no-form-wave1-s1.png
0.0621	0.0001	farm-out/ep2-b10-idfix-r2/10-no-form-wave1-s2.png
0.0751	0.0014	farm-out/ep2-b10-idfix-r2/10-no-form-wave1-s3.png
0.0190	0.0006	farm-out/ep2-b10-idfix/10-no-form-wave1-s0.png
0.0238	0.0000	farm-out/ep2-b10-idfix/10-no-form-wave1-s1.png
0.0528	0.0000	farm-out/ep2-b10-idfix/10-no-form-wave1-s2.png
0.4397	0.0805	farm-out/ep2-b10-patrol-scene-r2-0813/10-no-form-ipa-r0-w010-s0.png
0.7401	0.4613	farm-out/ep2-b10-patrol-scene-r2-0813/10-no-form-ipa-r0-w010-s1.png
0.9463	0.9437	farm-out/ep2-b10-patrol-scene-r2-0813/10-no-form-ipa-r0-w010-s2.png
0.1485	0.0654	farm-out/ep2-b10-patrol-scene-r2-0813/10-no-form-ipa-r0-w010-s3.png
0.6961	0.1672	farm-out/ep2-b10-patrol-scene-r2-0813/10-no-form-ipa-r0-w020-s0.png
0.9342	0.9317	farm-out/ep2-b10-patrol-scene-r2-0813/10-no-form-ipa-r0-w020-s1.png
0.5976	0.5857	farm-out/ep2-b10-patrol-scene-r2-0813/10-no-form-ipa-r0-w020-s2.png
0.5195	0.5173	farm-out/ep2-b10-patrol-scene-r2-0813/10-no-form-ipa-r0-w020-s3.png
0.5416	0.0118	farm-out/ep2-b10-patrol-scene-0813/10-no-form-ipa-r0-w010-s0.png
0.9309	0.5186	farm-out/ep2-b10-patrol-scene-0813/10-no-form-ipa-r0-w010-s1.png
0.9334	0.9279	farm-out/ep2-b10-patrol-scene-0813/10-no-form-ipa-r0-w010-s2.png
0.8507	0.8422	farm-out/ep2-b10-patrol-scene-0813/10-no-form-ipa-r0-w010-s3.png
0.7232	0.7228	farm-out/ep2-b10-patrol-scene-0813/10-no-form-ipa-r0-w020-s0.png
0.9369	0.9316	farm-out/ep2-b10-patrol-scene-0813/10-no-form-ipa-r0-w020-s1.png
0.9529	0.9500	farm-out/ep2-b10-patrol-scene-0813/10-no-form-ipa-r0-w020-s2.png
0.8062	0.7190	farm-out/ep2-b10-patrol-scene-0813/10-no-form-ipa-r0-w020-s3.png
0.0262	0.0000	farm-out/ep2-b10-plate-nos2-0815/10-no-form-ipa-r0-w015-s0.png
0.1073	0.0025	farm-out/ep2-b10-plate-nos2-0815/10-no-form-ipa-r0-w015-s1.png
0.0864	0.0001	farm-out/ep2-b10-plate-nos2-0815/10-no-form-ipa-r0-w015-s2.png
0.0190	0.0001	farm-out/ep2-b10-plate-nos2-0815/10-no-form-ipa-r0-w015-s3.png
0.0451	0.0015	farm-out/ep2-b10-plate-nos2-0815/10-no-form-ipa-r1-w015-s0.png
0.0193	0.0004	farm-out/ep2-b10-plate-nos2-0815/10-no-form-ipa-r1-w015-s1.png
0.0280	0.0001	farm-out/ep2-b10-plate-nos2-0815/10-no-form-ipa-r1-w015-s2.png
0.0420	0.0005	farm-out/ep2-b10-plate-nos2-0815/10-no-form-ipa-r1-w015-s3.png
0.0758	0.0005	farm-out/ep2-b10-plate-nos2-0815/10-no-form-ipa-r2-w015-s0.png
0.0622	0.0008	farm-out/ep2-b10-plate-nos2-0815/10-no-form-ipa-r2-w015-s1.png
0.0365	0.0001	farm-out/ep2-b10-plate-nos2-0815/10-no-form-ipa-r2-w015-s2.png
0.0853	0.0095	farm-out/ep2-b10-plate-nos2-0815/10-no-form-ipa-r2-w015-s3.png
0.0262	0.0000	farm-out/ep2-b10-plate-nos2-0815/10-no-form-ipa-r3-w015-s0.png
0.1073	0.0025	farm-out/ep2-b10-plate-nos2-0815/10-no-form-ipa-r3-w015-s1.png
0.0864	0.0001	farm-out/ep2-b10-plate-nos2-0815/10-no-form-ipa-r3-w015-s2.png
0.0190	0.0001	farm-out/ep2-b10-plate-nos2-0815/10-no-form-ipa-r3-w015-s3.png
0.2802	0.0000	farm-out/ep2-b10-refresh/10-no-form-wave1-s0.png
0.1682	0.0177	farm-out/ep2-b10-refresh/10-no-form-wave1-s1.png
0.0837	0.0023	farm-out/ep2-b10-refresh/10-no-form-wave1-s2.png
0.1048	0.0002	farm-out/ep2-b10-refresh/10-no-form-wave1-s3.png
0.0262	0.0000	farm-out/ep2-b10-scene-0815/10-no-form-ipa-r0-w015-s0.png
0.1073	0.0025	farm-out/ep2-b10-scene-0815/10-no-form-ipa-r0-w015-s1.png
0.0864	0.0001	farm-out/ep2-b10-scene-0815/10-no-form-ipa-r0-w015-s2.png
0.0190	0.0001	farm-out/ep2-b10-scene-0815/10-no-form-ipa-r0-w015-s3.png
0.0451	0.0015	farm-out/ep2-b10-scene-0815/10-no-form-ipa-r1-w015-s0.png
0.0193	0.0004	farm-out/ep2-b10-scene-0815/10-no-form-ipa-r1-w015-s1.png
0.0280	0.0001	farm-out/ep2-b10-scene-0815/10-no-form-ipa-r1-w015-s2.png
0.0420	0.0005	farm-out/ep2-b10-scene-0815/10-no-form-ipa-r1-w015-s3.png
0.1252	0.0966	farm-out/ep2-b10-scene-0815/10-no-form-ipa-r2-w015-s0.png
0.1607	0.0983	farm-out/ep2-b10-scene-0815/10-no-form-ipa-r2-w015-s1.png
0.3784	0.2560	farm-out/ep2-b10-scene-0815/10-no-form-ipa-r2-w015-s2.png
0.2241	0.2090	farm-out/ep2-b10-scene-0815/10-no-form-ipa-r2-w015-s3.png
0.0758	0.0005	farm-out/ep2-b10-scene-0815/10-no-form-ipa-r3-w015-s0.png
0.0622	0.0008	farm-out/ep2-b10-scene-0815/10-no-form-ipa-r3-w015-s1.png
0.0365	0.0001	farm-out/ep2-b10-scene-0815/10-no-form-ipa-r3-w015-s2.png
0.0853	0.0095	farm-out/ep2-b10-scene-0815/10-no-form-ipa-r3-w015-s3.png
0.0262	0.0000	farm-out/ep2-b10-twoguard-sceneref-0813/10-no-form-ipa-r0-w015-s0.png
0.1073	0.0025	farm-out/ep2-b10-twoguard-sceneref-0813/10-no-form-ipa-r0-w015-s1.png
0.0864	0.0001	farm-out/ep2-b10-twoguard-sceneref-0813/10-no-form-ipa-r0-w015-s2.png
0.0190	0.0001	farm-out/ep2-b10-twoguard-sceneref-0813/10-no-form-ipa-r0-w015-s3.png
0.9892	0.9890	farm-out/ep2-b10-worldB-0813/b05-init-704x1280.png
0.9892	0.9890	farm-out/ep2-b10-worldnocrf-0813/b05-init-704x1280.png
0.0314	0.0000	farm-out/ep2-b11-final-0814/b05-init-704x1280.png
0.0314	0.0000	farm-out/ep2-b11-finalB-0814/b05-init-704x1280.png
0.8356	0.8344	farm-out/ep2-b11-gp-0814/b05-init-704x1280.png
0.8356	0.8344	farm-out/ep2-b11-gpB-0814/b05-init-704x1280.png
0.8356	0.8344	farm-out/ep2-b11-guardpick-0814/11-they-leave-ipa-r0-w015-s0.png
0.8468	0.8273	farm-out/ep2-b11-guardpick-0814/11-they-leave-ipa-r0-w015-s1.png
0.0451	0.0015	farm-out/ep2-b10-twoguard-sceneref-0813/10-no-form-ipa-r1-w015-s0.png
0.0193	0.0004	farm-out/ep2-b10-twoguard-sceneref-0813/10-no-form-ipa-r1-w015-s1.png
0.0280	0.0001	farm-out/ep2-b10-twoguard-sceneref-0813/10-no-form-ipa-r1-w015-s2.png
0.0420	0.0005	farm-out/ep2-b10-twoguard-sceneref-0813/10-no-form-ipa-r1-w015-s3.png
0.1252	0.0966	farm-out/ep2-b10-twoguard-sceneref-0813/10-no-form-ipa-r2-w015-s0.png
0.1607	0.0983	farm-out/ep2-b10-twoguard-sceneref-0813/10-no-form-ipa-r2-w015-s1.png
0.3784	0.2560	farm-out/ep2-b10-twoguard-sceneref-0813/10-no-form-ipa-r2-w015-s2.png
0.2241	0.2090	farm-out/ep2-b10-twoguard-sceneref-0813/10-no-form-ipa-r2-w015-s3.png
0.0758	0.0005	farm-out/ep2-b10-twoguard-sceneref-0813/10-no-form-ipa-r3-w015-s0.png
0.0622	0.0008	farm-out/ep2-b10-twoguard-sceneref-0813/10-no-form-ipa-r3-w015-s1.png
0.0365	0.0001	farm-out/ep2-b10-twoguard-sceneref-0813/10-no-form-ipa-r3-w015-s2.png
0.0853	0.0095	farm-out/ep2-b10-twoguard-sceneref-0813/10-no-form-ipa-r3-w015-s3.png
0.7401	0.4613	farm-out/ep2-b10-twohander-0813/b05-init-704x1280.png
0.7401	0.4613	farm-out/ep2-b10-twohanderB-0813/b05-init-704x1280.png
0.9892	0.9890	farm-out/ep2-b10-wave-0813/b05-init-704x1280.png
0.9892	0.9890	farm-out/ep2-b10-world-0813/b05-init-704x1280.png
0.6727	0.3764	farm-out/ep2-b11-guardpick-0814/11-they-leave-ipa-r0-w015-s2.png
0.8067	0.8058	farm-out/ep2-b11-guardpick-0814/11-they-leave-ipa-r0-w015-s3.png
0.7169	0.7158	farm-out/ep2-b11-guardpick-0814/11-they-leave-ipa-r1-w015-s0.png
0.8661	0.8643	farm-out/ep2-b11-guardpick-0814/11-they-leave-ipa-r1-w015-s1.png
0.6155	0.0000	farm-out/ep2-b11-guardpick-0814/11-they-leave-ipa-r1-w015-s2.png
0.5252	0.5053	farm-out/ep2-b11-guardpick-0814/11-they-leave-ipa-r1-w015-s3.png
0.3294	0.3220	farm-out/ep2-b11-guardpick-0814/11-they-leave-ipa-r2-w015-s0.png
0.5618	0.2768	farm-out/ep2-b11-guardpick-0814/11-they-leave-ipa-r2-w015-s1.png
0.4740	0.4599	farm-out/ep2-b11-guardpick-0814/11-they-leave-ipa-r2-w015-s2.png
0.1885	0.0203	farm-out/ep2-b11-guardpick-0814/11-they-leave-ipa-r2-w015-s3.png
0.8458	0.6743	farm-out/ep2-b11-guardpick-0814/11-they-leave-ipa-r3-w015-s0.png
0.5260	0.2909	farm-out/ep2-b11-guardpick-0814/11-they-leave-ipa-r3-w015-s1.png
0.4262	0.2997	farm-out/ep2-b11-guardpick-0814/11-they-leave-ipa-r3-w015-s2.png
0.6728	0.2562	farm-out/ep2-b11-guardpick-0814/11-they-leave-ipa-r3-w015-s3.png
0.4174	0.3841	farm-out/ep2-b11-idfix/11-they-leave-wave1-s0.png
0.2378	0.0823	farm-out/ep2-b11-idfix/11-they-leave-wave1-s1.png
0.0647	0.0072	farm-out/ep2-b11-idfix/11-they-leave-wave1-s2.png
0.2441	0.1992	farm-out/ep2-b11-idfix/11-they-leave-wave1-s3.png
0.8356	0.8344	farm-out/ep2-b11-lw-0814/b05-init-704x1280.png
0.0314	0.0000	farm-out/ep2-b11-plate-nos2-0815/11-they-leave-ipa-r0-w015-s0.png
0.0341	0.0001	farm-out/ep2-b11-plate-nos2-0815/11-they-leave-ipa-r0-w015-s1.png
0.1865	0.0000	farm-out/ep2-b11-plate-nos2-0815/11-they-leave-ipa-r0-w015-s2.png
0.0805	0.0001	farm-out/ep2-b11-plate-nos2-0815/11-they-leave-ipa-r0-w015-s3.png
0.0168	0.0004	farm-out/ep2-b11-plate-nos2-0815/11-they-leave-ipa-r1-w015-s0.png
0.9892	0.9890	farm-out/ep2-b11-world-0813/b05-init-704x1280.png
0.9892	0.9890	farm-out/ep2-b11-world-0813B/b05-init-704x1280.png
0.0942	0.0129	farm-out/ep2-b12-conf/b13-init-704x1280.png
0.0942	0.0129	farm-out/ep2-b12-confB/b13-init-704x1280.png
0.0942	0.0129	farm-out/ep2-b12-ladder/b13-init-704x1280.png
0.0942	0.0129	farm-out/ep2-b12-ladderB/b13-init-704x1280.png
0.0942	0.0129	farm-out/ep2-b12-leaf/b13-init-704x1280.png
0.0942	0.0129	farm-out/ep2-b12-leafB/b13-init-704x1280.png
0.0750	0.0070	farm-out/ep2-b11-plate-nos2-0815/11-they-leave-ipa-r1-w015-s1.png
0.0225	0.0013	farm-out/ep2-b11-plate-nos2-0815/11-they-leave-ipa-r1-w015-s2.png
0.0985	0.0002	farm-out/ep2-b11-plate-nos2-0815/11-they-leave-ipa-r1-w015-s3.png
0.0875	0.0158	farm-out/ep2-b11-plate-nos2-0815/11-they-leave-ipa-r2-w015-s0.png
0.1950	0.0778	farm-out/ep2-b11-plate-nos2-0815/11-they-leave-ipa-r2-w015-s1.png
0.0795	0.0061	farm-out/ep2-b11-plate-nos2-0815/11-they-leave-ipa-r2-w015-s2.png
0.0382	0.0001	farm-out/ep2-b11-plate-nos2-0815/11-they-leave-ipa-r2-w015-s3.png
0.0314	0.0000	farm-out/ep2-b11-plate-nos2-0815/11-they-leave-ipa-r3-w015-s0.png
0.0341	0.0001	farm-out/ep2-b11-plate-nos2-0815/11-they-leave-ipa-r3-w015-s1.png
0.1865	0.0000	farm-out/ep2-b11-plate-nos2-0815/11-they-leave-ipa-r3-w015-s2.png
0.0805	0.0001	farm-out/ep2-b11-plate-nos2-0815/11-they-leave-ipa-r3-w015-s3.png
0.0624	0.0039	farm-out/ep2-b11-refresh/11-they-leave-wave1-s0.png
0.0296	0.0034	farm-out/ep2-b11-refresh/11-they-leave-wave1-s1.png
0.0966	0.0006	farm-out/ep2-b11-refresh/11-they-leave-wave1-s2.png
0.2706	0.1236	farm-out/ep2-b11-refresh/11-they-leave-wave1-s3.png
0.0314	0.0000	farm-out/ep2-b11-scene-0814/11-they-leave-ipa-r0-w015-s0.png
0.0341	0.0001	farm-out/ep2-b11-scene-0814/11-they-leave-ipa-r0-w015-s1.png
0.1865	0.0000	farm-out/ep2-b11-scene-0814/11-they-leave-ipa-r0-w015-s2.png
0.0805	0.0001	farm-out/ep2-b11-scene-0814/11-they-leave-ipa-r0-w015-s3.png
0.0168	0.0004	farm-out/ep2-b11-scene-0814/11-they-leave-ipa-r1-w015-s0.png
0.0750	0.0070	farm-out/ep2-b11-scene-0814/11-they-leave-ipa-r1-w015-s1.png
0.0225	0.0013	farm-out/ep2-b11-scene-0814/11-they-leave-ipa-r1-w015-s2.png
0.0985	0.0002	farm-out/ep2-b11-scene-0814/11-they-leave-ipa-r1-w015-s3.png
0.0217	0.0000	farm-out/ep2-b11-scene-0814/11-they-leave-ipa-r2-w015-s0.png
0.3278	0.2846	farm-out/ep2-b11-scene-0814/11-they-leave-ipa-r2-w015-s1.png
0.1115	0.0045	farm-out/ep2-b11-scene-0814/11-they-leave-ipa-r2-w015-s2.png
0.2237	0.1960	farm-out/ep2-b11-scene-0814/11-they-leave-ipa-r2-w015-s3.png
0.0875	0.0158	farm-out/ep2-b11-scene-0814/11-they-leave-ipa-r3-w015-s0.png
0.1950	0.0778	farm-out/ep2-b11-scene-0814/11-they-leave-ipa-r3-w015-s1.png
0.0795	0.0061	farm-out/ep2-b11-scene-0814/11-they-leave-ipa-r3-w015-s2.png
0.0382	0.0001	farm-out/ep2-b11-scene-0814/11-they-leave-ipa-r3-w015-s3.png
0.9892	0.9890	farm-out/ep2-b11-wave-0813/b05-init-704x1280.png
0.0942	0.0129	farm-out/ep2-b12-lw/b13-init-704x1280.png
0.0942	0.0129	farm-out/ep2-b12-motion/b13-init-704x1280.png
0.0942	0.0129	farm-out/ep2-b12-pass/b13-init-704x1280.png
0.0942	0.0129	farm-out/ep2-b12-passB/b13-init-704x1280.png
0.3635	0.2152	farm-out/ep2-b12-scene-0814/12-related-wave1-s0.png
0.2624	0.2022	farm-out/ep2-b12-scene-0814/12-related-wave1-s1.png
0.3328	0.2822	farm-out/ep2-b12-scene-0814/12-related-wave1-s2.png
0.2472	0.1515	farm-out/ep2-b12-scene-0814/12-related-wave1-s3.png
0.0942	0.0129	farm-out/ep2-b12-seedB/b13-init-704x1280.png
0.0942	0.0129	farm-out/ep2-b12-tight/b13-init-704x1280.png
0.0942	0.0129	farm-out/ep2-b12-tightB/b13-init-704x1280.png
0.9193	0.9172	farm-out/ep2-b13-adult-0813/13-the-shade-ipa-r0-w015-s0.png
0.8678	0.8625	farm-out/ep2-b13-adult-0813/13-the-shade-ipa-r0-w015-s1.png
0.8392	0.8380	farm-out/ep2-b13-adult-0813/13-the-shade-ipa-r0-w015-s2.png
0.8972	0.8859	farm-out/ep2-b13-adult-0813/13-the-shade-ipa-r0-w015-s3.png
0.9193	0.9172	farm-out/ep2-b13-adult-0813/13-the-shade-ipa-r1-w015-s0.png
0.8678	0.8625	farm-out/ep2-b13-adult-0813/13-the-shade-ipa-r1-w015-s1.png
0.8392	0.8380	farm-out/ep2-b13-adult-0813/13-the-shade-ipa-r1-w015-s2.png
0.8972	0.8859	farm-out/ep2-b13-adult-0813/13-the-shade-ipa-r1-w015-s3.png
0.9970	0.9967	farm-out/ep2-b13-adult-0813/13-the-shade-ipa-r2-w015-s0.png
1.0000	1.0000	farm-out/ep2-b13-adult-0813/13-the-shade-ipa-r2-w015-s1.png
0.9984	0.9981	farm-out/ep2-b13-adult-0813/13-the-shade-ipa-r2-w015-s2.png
1.0000	1.0000	farm-out/ep2-b13-adult-0813/13-the-shade-ipa-r2-w015-s3.png
0.9970	0.9967	farm-out/ep2-b13-adult-0813/13-the-shade-ipa-r3-w015-s0.png
1.0000	1.0000	farm-out/ep2-b13-adult-0813/13-the-shade-ipa-r3-w015-s1.png
0.9984	0.9981	farm-out/ep2-b13-adult-0813/13-the-shade-ipa-r3-w015-s2.png
1.0000	1.0000	farm-out/ep2-b13-adult-0813/13-the-shade-ipa-r3-w015-s3.png
0.8586	0.8445	farm-out/ep2-b13-adult/b13-init-704x1280.png
0.8586	0.8445	farm-out/ep2-b13-adultB/b13-init-704x1280.png
0.1198	0.0210	farm-out/ep2-b13-blurplate-0815/b13-init-704x1280-blur9px-y.png
0.1269	0.0234	farm-out/ep2-b13-blurplate-0815/b13-init-704x1280-clean.png
0.1269	0.0234	farm-out/ep2-b13-guidance-0815/b13-init-704x1280.png
0.0380	0.0090	farm-out/ep2-b13-idfix-r2/13-the-shade-wave1-s0.png
0.0322	0.0014	farm-out/ep2-b13-idfix-r2/13-the-shade-wave1-s1.png
0.0690	0.0228	farm-out/ep2-b13-idfix-r2/13-the-shade-wave1-s2.png
0.1438	0.0705	farm-out/ep2-b13-idfix-r2/13-the-shade-wave1-s3.png
0.0449	0.0250	farm-out/ep2-b13-idfix/13-the-shade-wave1-s0.png
0.0284	0.0086	farm-out/ep2-b13-idfix/13-the-shade-wave1-s1.png
0.0758	0.0245	farm-out/ep2-b13-idfix/13-the-shade-wave1-s2.png
0.1619	0.0834	farm-out/ep2-b13-idfix/13-the-shade-wave1-s3.png
0.9959	0.9950	farm-out/ep2-b13-ipa-frozen-0812/13-the-shade-ipa-r2-w015-s0.png
0.9959	0.9952	farm-out/ep2-b13-ipa-frozen-0812/13-the-shade-ipa-r2-w015-s1.png
0.9997	0.9995	farm-out/ep2-b13-ipa-frozen-0812/13-the-shade-ipa-r2-w015-s2.png
1.0000	1.0000	farm-out/ep2-b13-ipa-frozen-0812/13-the-shade-ipa-r2-w015-s3.png
0.9959	0.9950	farm-out/ep2-b13-ipa-frozen-0812/13-the-shade-ipa-r3-w015-s0.png
0.9959	0.9952	farm-out/ep2-b13-ipa-frozen-0812/13-the-shade-ipa-r3-w015-s1.png
0.9997	0.9995	farm-out/ep2-b13-ipa-frozen-0812/13-the-shade-ipa-r3-w015-s2.png
1.0000	1.0000	farm-out/ep2-b13-ipa-frozen-0812/13-the-shade-ipa-r3-w015-s3.png
0.8586	0.8445	farm-out/ep2-b13-leaf/b13-init-704x1280.png
0.8586	0.8445	farm-out/ep2-b13-leafB/b13-init-704x1280.png
0.1269	0.0234	farm-out/ep2-b13-loose/b13-init-704x1280.png
0.1269	0.0234	farm-out/ep2-b13-looseB/b13-init-704x1280.png
0.1269	0.0234	farm-out/ep2-b13-lw/b13-init-704x1280.png
0.8586	0.8445	farm-out/ep2-b13-motion/b13-init-704x1280.png
0.1269	0.0234	farm-out/ep2-b13-negcfg-0816/b13-init-704x1280.png
0.8586	0.8445	farm-out/ep2-b13-object/b13-init-704x1280.png
0.8916	0.8898	farm-out/ep2-b13-ipa-frozen-0812/13-the-shade-ipa-r0-w015-s0.png
0.8586	0.8445	farm-out/ep2-b13-ipa-frozen-0812/13-the-shade-ipa-r0-w015-s1.png
0.8135	0.7985	farm-out/ep2-b13-ipa-frozen-0812/13-the-shade-ipa-r0-w015-s2.png
0.8766	0.8710	farm-out/ep2-b13-ipa-frozen-0812/13-the-shade-ipa-r0-w015-s3.png
0.8916	0.8898	farm-out/ep2-b13-ipa-frozen-0812/13-the-shade-ipa-r1-w015-s0.png
0.8586	0.8445	farm-out/ep2-b13-ipa-frozen-0812/13-the-shade-ipa-r1-w015-s1.png
0.8135	0.7985	farm-out/ep2-b13-ipa-frozen-0812/13-the-shade-ipa-r1-w015-s2.png
0.8766	0.8710	farm-out/ep2-b13-ipa-frozen-0812/13-the-shade-ipa-r1-w015-s3.png
0.1269	0.0234	farm-out/ep2-b13-plate-0814/13-the-shade-ipa-r0-w015-s0.png
0.1293	0.0713	farm-out/ep2-b13-plate-0814/13-the-shade-ipa-r0-w015-s1.png
0.1978	0.1129	farm-out/ep2-b13-plate-0814/13-the-shade-ipa-r0-w015-s2.png
0.0436	0.0052	farm-out/ep2-b13-plate-0814/13-the-shade-ipa-r0-w015-s3.png
0.0252	0.0026	farm-out/ep2-b13-plate-0814/13-the-shade-ipa-r1-w015-s0.png
0.2231	0.1030	farm-out/ep2-b13-plate-0814/13-the-shade-ipa-r1-w015-s1.png
0.4245	0.3106	farm-out/ep2-b13-plate-0814/13-the-shade-ipa-r1-w015-s2.png
0.2563	0.0017	farm-out/ep2-b13-plate-0814/13-the-shade-ipa-r1-w015-s3.png
0.0174	0.0005	farm-out/ep2-b13-plate-0814/13-the-shade-ipa-r2-w015-s0.png
0.2193	0.0258	farm-out/ep2-b13-plate-0814/13-the-shade-ipa-r2-w015-s1.png
0.3154	0.1708	farm-out/ep2-b13-plate-0814/13-the-shade-ipa-r2-w015-s2.png
0.2826	0.0172	farm-out/ep2-b13-plate-0814/13-the-shade-ipa-r2-w015-s3.png
0.1295	0.1106	farm-out/ep2-b13-plate-0814/13-the-shade-ipa-r3-w015-s0.png
0.0128	0.0012	farm-out/ep2-b13-plate-0814/13-the-shade-ipa-r3-w015-s1.png
0.1479	0.1164	farm-out/ep2-b13-plate-0814/13-the-shade-ipa-r3-w015-s2.png
0.1367	0.0287	farm-out/ep2-b13-plate-0814/13-the-shade-ipa-r3-w015-s3.png
0.1269	0.0234	farm-out/ep2-b13-refire/b13-init-704x1280.png
0.1269	0.0234	farm-out/ep2-b13-refireB/b13-init-704x1280.png
0.1349	0.0720	farm-out/ep2-b13-refresh/13-the-shade-wave1-s0.png
0.0364	0.0093	farm-out/ep2-b13-refresh/13-the-shade-wave1-s1.png
0.1992	0.1549	farm-out/ep2-b13-refresh/13-the-shade-wave1-s2.png
0.1280	0.0222	farm-out/ep2-b13-refresh/13-the-shade-wave1-s3.png
0.8678	0.8625	farm-out/ep2-b13-remake/b13-init-704x1280.png
0.8678	0.8625	farm-out/ep2-b13-remakeB/b13-init-704x1280.png
0.8586	0.8445	farm-out/ep2-b13-seedB/b13-init-704x1280.png
0.1269	0.0234	farm-out/ep2-b13-shade-breath-0815/b13-init-704x1280.png
0.1269	0.0234	farm-out/ep2-b13-shade-chain-0815/b13-init-704x1280.png
0.1269	0.0234	farm-out/ep2-b13-shade-cycle-0815/b13-init-704x1280.png
0.1269	0.0234	farm-out/ep2-b13-shade-cycle-s2-0815/b13-init-704x1280.png
0.1269	0.0234	farm-out/ep2-b13-shade-cycle-s3-0815/b13-init-704x1280.png
0.1269	0.0234	farm-out/ep2-b13-shade-state-0815/b13-init-704x1280.png
0.1269	0.0234	farm-out/ep2-b13-stg-0815/b13-init-704x1280.png
0.1269	0.0234	farm-out/ep2-b13-unfreeze/b13-init-704x1280.png
0.1269	0.0234	farm-out/ep2-b13-unfreezeB/b13-init-704x1280.png
0.1269	0.0234	farm-out/ep2-b13-wave/b13-init-704x1280.png
0.1269	0.0234	farm-out/ep2-b13-waveB/b13-init-704x1280.png
0.1306	0.1174	farm-out/ep2-b14-adultplate-0813/14-the-defense-ipa-r0-w015-s0.png
0.7066	0.7058	farm-out/ep2-b14-adultplate-0813/14-the-defense-ipa-r0-w015-s1.png
0.6070	0.6055	farm-out/ep2-b14-adultplate-0813/14-the-defense-ipa-r0-w015-s2.png
0.5717	0.5258	farm-out/ep2-b14-adultplate-0813/14-the-defense-ipa-r0-w015-s3.png
0.8570	0.8563	farm-out/ep2-b14-adultplate-0813/14-the-defense-ipa-r3-w015-s0.png
0.7436	0.6156	farm-out/ep2-b14-adultplate-0813/14-the-defense-ipa-r3-w015-s1.png
0.7970	0.7949	farm-out/ep2-b14-adultplate-0813/14-the-defense-ipa-r3-w015-s2.png
0.8895	0.8888	farm-out/ep2-b14-adultplate-0813/14-the-defense-ipa-r3-w015-s3.png
0.2378	0.2254	farm-out/ep2-b14-final/b13-init-704x1280.png
0.2378	0.2254	farm-out/ep2-b14-finalB/b13-init-704x1280.png
0.4957	0.3883	farm-out/ep2-b14-goblin-facepick-sample/14-the-defense-ipa-r0-w015-s0.png
0.4029	0.2315	farm-out/ep2-b14-goblin-facepick-sample/14-the-defense-ipa-r0-w015-s1.png
0.1306	0.1174	farm-out/ep2-b14-adultplate-0813/14-the-defense-ipa-r1-w015-s0.png
0.7066	0.7058	farm-out/ep2-b14-adultplate-0813/14-the-defense-ipa-r1-w015-s1.png
0.6070	0.6055	farm-out/ep2-b14-adultplate-0813/14-the-defense-ipa-r1-w015-s2.png
0.5717	0.5258	farm-out/ep2-b14-adultplate-0813/14-the-defense-ipa-r1-w015-s3.png
0.8570	0.8563	farm-out/ep2-b14-adultplate-0813/14-the-defense-ipa-r2-w015-s0.png
0.7436	0.6156	farm-out/ep2-b14-adultplate-0813/14-the-defense-ipa-r2-w015-s1.png
0.7970	0.7949	farm-out/ep2-b14-adultplate-0813/14-the-defense-ipa-r2-w015-s2.png
0.8895	0.8888	farm-out/ep2-b14-adultplate-0813/14-the-defense-ipa-r2-w015-s3.png
0.0828	0.0020	farm-out/ep2-b14-goblin-facepick-sample/14-the-defense-ipa-r0-w015-s2.png
0.0388	0.0068	farm-out/ep2-b14-goblin-facepick-sample/14-the-defense-ipa-r0-w015-s3.png
0.4957	0.3883	farm-out/ep2-b14-goblin-facepick-sample/14-the-defense-ipa-r1-w015-s0.png
0.4029	0.2315	farm-out/ep2-b14-goblin-facepick-sample/14-the-defense-ipa-r1-w015-s1.png
0.0828	0.0020	farm-out/ep2-b14-goblin-facepick-sample/14-the-defense-ipa-r1-w015-s2.png
0.0388	0.0068	farm-out/ep2-b14-goblin-facepick-sample/14-the-defense-ipa-r1-w015-s3.png
0.4957	0.3883	farm-out/ep2-b14-goblin-facepick-sample/14-the-defense-ipa-r2-w015-s0.png
0.4029	0.2315	farm-out/ep2-b14-goblin-facepick-sample/14-the-defense-ipa-r2-w015-s1.png
0.0828	0.0020	farm-out/ep2-b14-goblin-facepick-sample/14-the-defense-ipa-r2-w015-s2.png
0.0388	0.0068	farm-out/ep2-b14-goblin-facepick-sample/14-the-defense-ipa-r2-w015-s3.png
0.4957	0.3883	farm-out/ep2-b14-goblin-facepick-sample/14-the-defense-ipa-r3-w015-s0.png
0.4029	0.2315	farm-out/ep2-b14-goblin-facepick-sample/14-the-defense-ipa-r3-w015-s1.png
0.0828	0.0020	farm-out/ep2-b14-goblin-facepick-sample/14-the-defense-ipa-r3-w015-s2.png
0.0388	0.0068	farm-out/ep2-b14-goblin-facepick-sample/14-the-defense-ipa-r3-w015-s3.png
0.2070	0.0947	farm-out/ep2-b14-goblin-staged/14-the-defense-wave1-s0.png
0.2224	0.1447	farm-out/ep2-b14-goblin-staged/14-the-defense-wave1-s1.png
0.6249	0.6226	farm-out/ep2-b14-ipa-frozen-0812/14-the-defense-ipa-r1-w015-s2.png
0.3092	0.0928	farm-out/ep2-b14-ipa-frozen-0812/14-the-defense-ipa-r1-w015-s3.png
0.8005	0.7960	farm-out/ep2-b14-ipa-frozen-0812/14-the-defense-ipa-r2-w015-s0.png
0.8199	0.8146	farm-out/ep2-b14-ipa-frozen-0812/14-the-defense-ipa-r2-w015-s1.png
0.8153	0.8140	farm-out/ep2-b14-ipa-frozen-0812/14-the-defense-ipa-r2-w015-s2.png
0.9261	0.9248	farm-out/ep2-b14-ipa-frozen-0812/14-the-defense-ipa-r2-w015-s3.png
0.8005	0.7960	farm-out/ep2-b14-ipa-frozen-0812/14-the-defense-ipa-r3-w015-s0.png
0.8199	0.8146	farm-out/ep2-b14-ipa-frozen-0812/14-the-defense-ipa-r3-w015-s1.png
0.0845	0.0228	farm-out/ep2-b14-idfix/14-the-defense-wave1-s2.png
0.0457	0.0017	farm-out/ep2-b14-idfix/14-the-defense-wave1-s3.png
0.1927	0.1020	farm-out/ep2-b14-ipa-frozen-0812/14-the-defense-ipa-r0-w015-s0.png
0.6604	0.6558	farm-out/ep2-b14-ipa-frozen-0812/14-the-defense-ipa-r0-w015-s1.png
0.6249	0.6226	farm-out/ep2-b14-ipa-frozen-0812/14-the-defense-ipa-r0-w015-s2.png
0.3092	0.0928	farm-out/ep2-b14-ipa-frozen-0812/14-the-defense-ipa-r0-w015-s3.png
0.1927	0.1020	farm-out/ep2-b14-ipa-frozen-0812/14-the-defense-ipa-r1-w015-s0.png
0.6604	0.6558	farm-out/ep2-b14-ipa-frozen-0812/14-the-defense-ipa-r1-w015-s1.png
0.2768	0.2221	farm-out/ep2-b14-goblin-staged/14-the-defense-wave1-s2.png
0.1711	0.0928	farm-out/ep2-b14-goblin-staged/14-the-defense-wave1-s3.png
0.0932	0.0008	farm-out/ep2-b14-idfix-r2/14-the-defense-wave1-s0.png
0.0480	0.0009	farm-out/ep2-b14-idfix-r2/14-the-defense-wave1-s1.png
0.1404	0.0286	farm-out/ep2-b14-idfix-r2/14-the-defense-wave1-s2.png
0.0489	0.0144	farm-out/ep2-b14-idfix-r2/14-the-defense-wave1-s3.png
0.0946	0.0304	farm-out/ep2-b14-idfix/14-the-defense-wave1-s0.png
0.0515	0.0072	farm-out/ep2-b14-idfix/14-the-defense-wave1-s1.png
0.8153	0.8140	farm-out/ep2-b14-ipa-frozen-0812/14-the-defense-ipa-r3-w015-s2.png
0.9261	0.9248	farm-out/ep2-b14-ipa-frozen-0812/14-the-defense-ipa-r3-w015-s3.png
0.2546	0.2283	farm-out/ep2-b14-ipa-headref-0812/14-the-defense-ipa-r0-w015-s0.png
0.4038	0.3142	farm-out/ep2-b14-ipa-headref-0812/14-the-defense-ipa-r0-w015-s1.png
0.2910	0.2541	farm-out/ep2-b14-ipa-headref-0812/14-the-defense-ipa-r0-w015-s2.png
0.3389	0.0616	farm-out/ep2-b14-ipa-headref-0812/14-the-defense-ipa-r0-w015-s3.png
0.2546	0.2283	farm-out/ep2-b14-ipa-headref-0812/14-the-defense-ipa-r1-w015-s0.png
0.4038	0.3142	farm-out/ep2-b14-ipa-headref-0812/14-the-defense-ipa-r1-w015-s1.png
0.2910	0.2541	farm-out/ep2-b14-ipa-headref-0812/14-the-defense-ipa-r3-w015-s2.png
0.3389	0.0616	farm-out/ep2-b14-ipa-headref-0812/14-the-defense-ipa-r3-w015-s3.png
0.2378	0.2254	farm-out/ep2-b14-lw/b13-init-704x1280.png
0.6604	0.6558	farm-out/ep2-b14-motion/b14-init-704x1280.png
0.2378	0.2254	farm-out/ep2-b14-nw-0815/b14-init-704x1280.png
0.2378	0.2254	farm-out/ep2-b14-plate-0814/14-the-defense-ipa-r0-w015-s0.png
0.0115	0.0000	farm-out/ep2-b14-plate-0814/14-the-defense-ipa-r0-w015-s1.png
0.3890	0.3714	farm-out/ep2-b14-plate-0814/14-the-defense-ipa-r0-w015-s2.png
0.2910	0.2541	farm-out/ep2-b14-ipa-headref-0812/14-the-defense-ipa-r1-w015-s2.png
0.3389	0.0616	farm-out/ep2-b14-ipa-headref-0812/14-the-defense-ipa-r1-w015-s3.png
0.2546	0.2283	farm-out/ep2-b14-ipa-headref-0812/14-the-defense-ipa-r2-w015-s0.png
0.4038	0.3142	farm-out/ep2-b14-ipa-headref-0812/14-the-defense-ipa-r2-w015-s1.png
0.2910	0.2541	farm-out/ep2-b14-ipa-headref-0812/14-the-defense-ipa-r2-w015-s2.png
0.3389	0.0616	farm-out/ep2-b14-ipa-headref-0812/14-the-defense-ipa-r2-w015-s3.png
0.2546	0.2283	farm-out/ep2-b14-ipa-headref-0812/14-the-defense-ipa-r3-w015-s0.png
0.4038	0.3142	farm-out/ep2-b14-ipa-headref-0812/14-the-defense-ipa-r3-w015-s1.png
0.3357	0.3015	farm-out/ep2-b14-plate-0814/14-the-defense-ipa-r0-w015-s3.png
0.2341	0.1966	farm-out/ep2-b14-plate-0814/14-the-defense-ipa-r1-w015-s0.png
0.0537	0.0161	farm-out/ep2-b14-plate-0814/14-the-defense-ipa-r1-w015-s1.png
0.1333	0.0304	farm-out/ep2-b14-plate-0814/14-the-defense-ipa-r1-w015-s2.png
0.0395	0.0064	farm-out/ep2-b14-plate-0814/14-the-defense-ipa-r1-w015-s3.png
0.0509	0.0001	farm-out/ep2-b14-plate-0814/14-the-defense-ipa-r2-w015-s0.png
0.0962	0.0000	farm-out/ep2-b14-plate-0814/14-the-defense-ipa-r2-w015-s1.png
0.2532	0.2275	farm-out/ep2-b14-plate-0814/14-the-defense-ipa-r2-w015-s2.png
0.5416	0.1453	farm-out/ep2-b14-plate-0814/14-the-defense-ipa-r2-w015-s3.png
0.2229	0.0674	farm-out/ep2-b14-plate-0814/14-the-defense-ipa-r3-w015-s0.png
0.1735	0.1306	farm-out/ep2-b14-plate-0814/14-the-defense-ipa-r3-w015-s1.png
0.1847	0.1544	farm-out/ep2-b14-plate-0814/14-the-defense-ipa-r3-w015-s2.png
0.4398	0.0004	farm-out/ep2-b14-plate-0814/14-the-defense-ipa-r3-w015-s3.png
0.3092	0.0928	farm-out/ep2-b14-redeye/b14-init-704x1280.png
0.2378	0.2254	farm-out/ep2-b14-refire/b13-init-704x1280.png
0.2378	0.2254	farm-out/ep2-b14-refireB/b13-init-704x1280.png
0.2734	0.1520	farm-out/ep2-b14-refresh/14-the-defense-wave1-s0.png
0.0397	0.0023	farm-out/ep2-b14-refresh/14-the-defense-wave1-s1.png
0.2334	0.1725	farm-out/ep2-b14-refresh/14-the-defense-wave1-s2.png
0.1825	0.1468	farm-out/ep2-b14-refresh/14-the-defense-wave1-s3.png
0.7066	0.7058	farm-out/ep2-b14-remake/b13-init-704x1280.png
0.7066	0.7058	farm-out/ep2-b14-remakeB/b13-init-704x1280.png
0.3092	0.0928	farm-out/ep2-b14-seedB/b14-init-704x1280.png
0.2378	0.2254	farm-out/ep2-b14-wave/b13-init-704x1280.png
0.2378	0.2254	farm-out/ep2-b14-waveB/b13-init-704x1280.png
0.6452	0.6368	farm-out/ep2-b15-action-probe/b15-init-704x1280.png
0.8259	0.8192	farm-out/ep2-b15-adultplate-0813/15-good-listener-ipa-r0-w015-s0.png
0.7731	0.7549	farm-out/ep2-b15-adultplate-0813/15-good-listener-ipa-r0-w015-s1.png
0.7632	0.7496	farm-out/ep2-b15-adultplate-0813/15-good-listener-ipa-r0-w015-s2.png
0.6925	0.6865	farm-out/ep2-b15-adultplate-0813/15-good-listener-ipa-r0-w015-s3.png
0.8259	0.8192	farm-out/ep2-b15-adultplate-0813/15-good-listener-ipa-r1-w015-s0.png
0.7731	0.7549	farm-out/ep2-b15-adultplate-0813/15-good-listener-ipa-r1-w015-s1.png
0.7632	0.7496	farm-out/ep2-b15-adultplate-0813/15-good-listener-ipa-r1-w015-s2.png
0.6925	0.6865	farm-out/ep2-b15-adultplate-0813/15-good-listener-ipa-r1-w015-s3.png
0.9999	0.9999	farm-out/ep2-b15-adultplate-0813/15-good-listener-ipa-r2-w015-s0.png
1.0000	1.0000	farm-out/ep2-b15-adultplate-0813/15-good-listener-ipa-r2-w015-s1.png
0.9604	0.9529	farm-out/ep2-b15-adultplate-0813/15-good-listener-ipa-r2-w015-s2.png
0.7995	0.7952	farm-out/ep2-b15-adultplate-0813/15-good-listener-ipa-r2-w015-s3.png
0.9999	0.9999	farm-out/ep2-b15-adultplate-0813/15-good-listener-ipa-r3-w015-s0.png
1.0000	1.0000	farm-out/ep2-b15-adultplate-0813/15-good-listener-ipa-r3-w015-s1.png
0.9604	0.9529	farm-out/ep2-b15-adultplate-0813/15-good-listener-ipa-r3-w015-s2.png
0.7995	0.7952	farm-out/ep2-b15-adultplate-0813/15-good-listener-ipa-r3-w015-s3.png
0.0146	0.0001	farm-out/ep2-b15-goblin-ipa-crossbeat/15-good-listener-ipa-r0-w015-s0.png
0.0890	0.0263	farm-out/ep2-b15-goblin-ipa-crossbeat/15-good-listener-ipa-r0-w015-s1.png
0.0367	0.0048	farm-out/ep2-b15-goblin-ipa-crossbeat/15-good-listener-ipa-r0-w015-s2.png
0.1839	0.0942	farm-out/ep2-b15-goblin-ipa-crossbeat/15-good-listener-ipa-r0-w015-s3.png
0.3080	0.2540	farm-out/ep2-b15-goblin-ipa-crossbeat/15-good-listener-ipa-r1-w015-s0.png
0.3544	0.2540	farm-out/ep2-b15-goblin-ipa-crossbeat/15-good-listener-ipa-r1-w015-s1.png
0.2361	0.1371	farm-out/ep2-b15-goblin-ipa-crossbeat/15-good-listener-ipa-r1-w015-s2.png
0.0785	0.0012	farm-out/ep2-b15-goblin-ipa-crossbeat/15-good-listener-ipa-r1-w015-s3.png
0.1401	0.0001	farm-out/ep2-b15-goblin-ipa-crossbeat/15-good-listener-ipa-r2-w015-s0.png
0.1071	0.0388	farm-out/ep2-b15-goblin-ipa-crossbeat/15-good-listener-ipa-r2-w015-s1.png
0.1681	0.0006	farm-out/ep2-b15-goblin-ipa-crossbeat/15-good-listener-ipa-r2-w015-s2.png
0.2955	0.0028	farm-out/ep2-b15-goblin-ipa-crossbeat/15-good-listener-ipa-r2-w015-s3.png
0.1108	0.0083	farm-out/ep2-b15-goblin-ipa-crossbeat/15-good-listener-ipa-r3-w015-s0.png
0.0770	0.0321	farm-out/ep2-b15-goblin-ipa-crossbeat/15-good-listener-ipa-r3-w015-s1.png
0.3415	0.2290	farm-out/ep2-b15-goblin-ipa-crossbeat/15-good-listener-ipa-r3-w015-s2.png
0.2535	0.0891	farm-out/ep2-b15-goblin-ipa-crossbeat/15-good-listener-ipa-r3-w015-s3.png
0.0551	0.0167	farm-out/ep2-b15-goblin-simple/15-good-listener-wave1-s0.png
0.2336	0.0569	farm-out/ep2-b15-goblin-simple/15-good-listener-wave1-s1.png
0.0893	0.0288	farm-out/ep2-b15-goblin-simple/15-good-listener-wave1-s2.png
0.1247	0.0001	farm-out/ep2-b15-goblin-simple/15-good-listener-wave1-s3.png
0.1787	0.0372	farm-out/ep2-b15-idfix-r2/15-good-listener-wave1-s0.png
0.2331	0.0133	farm-out/ep2-b15-idfix-r2/15-good-listener-wave1-s1.png
0.1829	0.0288	farm-out/ep2-b15-idfix-r2/15-good-listener-wave1-s2.png
0.0276	0.0010	farm-out/ep2-b15-idfix-r2/15-good-listener-wave1-s3.png
0.1573	0.0005	farm-out/ep2-b15-idfix/15-good-listener-wave1-s0.png
0.2567	0.0187	farm-out/ep2-b15-idfix/15-good-listener-wave1-s1.png
0.2165	0.0134	farm-out/ep2-b15-idfix/15-good-listener-wave1-s2.png
0.0314	0.0008	farm-out/ep2-b15-idfix/15-good-listener-wave1-s3.png
0.8027	0.7604	farm-out/ep2-b15-ipa-frozen-0812/15-good-listener-ipa-r0-w015-s0.png
0.6452	0.6368	farm-out/ep2-b15-ipa-frozen-0812/15-good-listener-ipa-r0-w015-s1.png
0.3151	0.2354	farm-out/ep2-b15-ipa-frozen-0812/15-good-listener-ipa-r0-w015-s2.png
0.7466	0.7440	farm-out/ep2-b15-ipa-frozen-0812/15-good-listener-ipa-r0-w015-s3.png
0.8027	0.7604	farm-out/ep2-b15-ipa-frozen-0812/15-good-listener-ipa-r1-w015-s0.png
0.6452	0.6368	farm-out/ep2-b15-ipa-frozen-0812/15-good-listener-ipa-r1-w015-s1.png
0.3151	0.2354	farm-out/ep2-b15-ipa-frozen-0812/15-good-listener-ipa-r1-w015-s2.png
0.7466	0.7440	farm-out/ep2-b15-ipa-frozen-0812/15-good-listener-ipa-r1-w015-s3.png
0.9981	0.9977	farm-out/ep2-b15-ipa-frozen-0812/15-good-listener-ipa-r2-w015-s0.png
0.9641	0.9637	farm-out/ep2-b15-ipa-frozen-0812/15-good-listener-ipa-r2-w015-s1.png
0.4619	0.0002	farm-out/ep2-b15-ipa-frozen-0812/15-good-listener-ipa-r2-w015-s2.png
0.8222	0.8197	farm-out/ep2-b15-ipa-frozen-0812/15-good-listener-ipa-r2-w015-s3.png
0.9981	0.9977	farm-out/ep2-b15-ipa-frozen-0812/15-good-listener-ipa-r3-w015-s0.png
0.9641	0.9637	farm-out/ep2-b15-ipa-frozen-0812/15-good-listener-ipa-r3-w015-s1.png
0.4619	0.0002	farm-out/ep2-b15-ipa-frozen-0812/15-good-listener-ipa-r3-w015-s2.png
0.8222	0.8197	farm-out/ep2-b15-ipa-frozen-0812/15-good-listener-ipa-r3-w015-s3.png
0.6452	0.6368	farm-out/ep2-b15-leaf/b15-init-704x1280.png
0.6452	0.6368	farm-out/ep2-b15-leafB/b15-init-704x1280.png
0.0880	0.0335	farm-out/ep2-b15-long-0815/b15-init-704x1280.png
0.0880	0.0335	farm-out/ep2-b15-longB-0815/b15-init-704x1280.png
0.0880	0.0335	farm-out/ep2-b15-lookup-0815/b15-init-704x1280.png
0.0880	0.0335	farm-out/ep2-b15-lookupB-0815/b15-init-704x1280.png
0.0880	0.0335	farm-out/ep2-b15-lw/b13-init-704x1280.png
0.0880	0.0335	farm-out/ep2-b15-plate-0814/15-good-listener-ipa-r0-w015-s0.png
0.0738	0.0068	farm-out/ep2-b15-plate-0814/15-good-listener-ipa-r0-w015-s1.png
0.0485	0.0196	farm-out/ep2-b15-plate-0814/15-good-listener-ipa-r0-w015-s2.png
0.1020	0.0501	farm-out/ep2-b15-plate-0814/15-good-listener-ipa-r0-w015-s3.png
0.1030	0.0402	farm-out/ep2-b15-plate-0814/15-good-listener-ipa-r1-w015-s0.png
0.5176	0.0058	farm-out/ep2-b15-plate-0814/15-good-listener-ipa-r1-w015-s1.png
0.1895	0.0285	farm-out/ep2-b15-plate-0814/15-good-listener-ipa-r1-w015-s2.png
0.0177	0.0049	farm-out/ep2-b15-plate-0814/15-good-listener-ipa-r1-w015-s3.png
0.1872	0.1165	farm-out/ep2-b15-plate-0814/15-good-listener-ipa-r2-w015-s0.png
0.0107	0.0000	farm-out/ep2-b15-plate-0814/15-good-listener-ipa-r2-w015-s1.png
0.2181	0.0248	farm-out/ep2-b15-plate-0814/15-good-listener-ipa-r2-w015-s2.png
0.1304	0.0303	farm-out/ep2-b15-plate-0814/15-good-listener-ipa-r2-w015-s3.png
0.1034	0.0015	farm-out/ep2-b15-plate-0814/15-good-listener-ipa-r3-w015-s0.png
0.0691	0.0134	farm-out/ep2-b15-plate-0814/15-good-listener-ipa-r3-w015-s1.png
0.0299	0.0023	farm-out/ep2-b15-plate-0814/15-good-listener-ipa-r3-w015-s2.png
0.1344	0.0984	farm-out/ep2-b15-plate-0814/15-good-listener-ipa-r3-w015-s3.png
0.0880	0.0335	farm-out/ep2-b15-refire/b13-init-704x1280.png
0.0880	0.0335	farm-out/ep2-b15-refireB/b13-init-704x1280.png
0.2245	0.0868	farm-out/ep2-b15-refresh/15-good-listener-wave1-s0.png
0.0880	0.0335	farm-out/ep2-b15-twobeatB-0815/b15-init-704x1280.png
0.0880	0.0335	farm-out/ep2-b15-wave/b13-init-704x1280.png
0.0880	0.0335	farm-out/ep2-b15-waveB/b13-init-704x1280.png
0.2337	0.1463	farm-out/ep2-b16-anim/b13-init-704x1280.png
0.2337	0.1463	farm-out/ep2-b16-animB/b13-init-704x1280.png
0.2337	0.1463	farm-out/ep2-b16-lw/b13-init-704x1280.png
0.2337	0.1463	farm-out/ep2-b16-nw-0815/b16-init-704x1280.png
0.2337	0.1463	farm-out/ep2-b16-nwB-0815/b16-init-704x1280.png
0.1498	0.0109	farm-out/ep2-b15-refresh/15-good-listener-wave1-s1.png
0.2580	0.0031	farm-out/ep2-b15-refresh/15-good-listener-wave1-s2.png
0.0385	0.0147	farm-out/ep2-b15-refresh/15-good-listener-wave1-s3.png
0.8259	0.8192	farm-out/ep2-b15-remake/b13-init-704x1280.png
0.8259	0.8192	farm-out/ep2-b15-remakeB/b13-init-704x1280.png
0.6452	0.6368	farm-out/ep2-b15-sapling-r2/b15-init-704x1280.png
0.6452	0.6368	farm-out/ep2-b15-seedB/b15-init-704x1280.png
0.0880	0.0335	farm-out/ep2-b15-twobeat-0815/b15-init-704x1280.png
0.2337	0.1463	farm-out/ep2-b16-plate-0814/16-why-ipa-r0-w015-s0.png
0.1449	0.0978	farm-out/ep2-b16-plate-0814/16-why-ipa-r0-w015-s1.png
0.0874	0.0087	farm-out/ep2-b16-plate-0814/16-why-ipa-r0-w015-s2.png
0.2204	0.0959	farm-out/ep2-b16-plate-0814/16-why-ipa-r0-w015-s3.png
0.3855	0.2161	farm-out/ep2-b16-plate-0814/16-why-ipa-r1-w015-s0.png
0.2965	0.1443	farm-out/ep2-b16-plate-0814/16-why-ipa-r1-w015-s1.png
0.1013	0.0029	farm-out/ep2-b16-plate-0814/16-why-ipa-r1-w015-s2.png
0.3361	0.1468	farm-out/ep2-b16-plate-0814/16-why-ipa-r1-w015-s3.png
0.2136	0.0404	farm-out/ep2-b16-plate-0814/16-why-ipa-r2-w015-s0.png
0.2526	0.1859	farm-out/ep2-b16-plate-0814/16-why-ipa-r2-w015-s1.png
0.2003	0.0704	farm-out/ep2-b16-plate-0814/16-why-ipa-r2-w015-s2.png
0.2549	0.1540	farm-out/ep2-b16-plate-0814/16-why-ipa-r2-w015-s3.png
0.1993	0.0058	farm-out/ep2-b16-plate-0814/16-why-ipa-r3-w015-s0.png
0.1165	0.0007	farm-out/ep2-b16-plate-0814/16-why-ipa-r3-w015-s1.png
0.1234	0.0473	farm-out/ep2-b16-plate-0814/16-why-ipa-r3-w015-s2.png
0.0981	0.0377	farm-out/ep2-b16-plate-0814/16-why-ipa-r3-w015-s3.png
0.0848	0.0009	farm-out/ep2-b17-amp-brush-0816/b17-init-704x1280.png
0.0848	0.0009	farm-out/ep2-b17-amp-brushseat-0816/b17-init-704x1280.png
0.0848	0.0009	farm-out/ep2-b17-full-s1-0815/b17-init-704x1280.png
0.0848	0.0009	farm-out/ep2-b17-full-s2-0815/b17-init-704x1280.png
0.0848	0.0009	farm-out/ep2-b17-full-s3-0815/b17-init-704x1280.png
0.0848	0.0009	farm-out/ep2-b17-full-s4-0815/b17-init-704x1280.png
0.0882	0.0001	farm-out/ep2-b17-idfix-r2/17-goodbye-wave1-s0.png
0.2142	0.1066	farm-out/ep2-b17-idfix-r2/17-goodbye-wave1-s1.png
0.1797	0.0041	farm-out/ep2-b17-idfix-r2/17-goodbye-wave1-s2.png
0.2328	0.0251	farm-out/ep2-b17-idfix-r2/17-goodbye-wave1-s3.png
0.1341	0.0068	farm-out/ep2-b17-idfix/17-goodbye-wave1-s0.png
0.2783	0.0936	farm-out/ep2-b17-idfix/17-goodbye-wave1-s1.png
0.1459	0.0069	farm-out/ep2-b17-idfix/17-goodbye-wave1-s2.png
0.2258	0.0697	farm-out/ep2-b17-idfix/17-goodbye-wave1-s3.png
0.6119	0.6032	farm-out/ep2-b17-initcrop/b17-init-704x1280.png
0.7498	0.7450	farm-out/ep2-b17-ipa-crossbeat-0812/17-goodbye-ipa-r0-w015-s0.png
0.6878	0.6831	farm-out/ep2-b17-ipa-crossbeat-0812/17-goodbye-ipa-r0-w015-s1.png
0.5458	0.5247	farm-out/ep2-b17-ipa-crossbeat-0812/17-goodbye-ipa-r0-w015-s2.png
0.6944	0.6815	farm-out/ep2-b17-ipa-crossbeat-0812/17-goodbye-ipa-r0-w015-s3.png
0.7498	0.7450	farm-out/ep2-b17-ipa-crossbeat-0812/17-goodbye-ipa-r1-w015-s0.png
0.6878	0.6831	farm-out/ep2-b17-ipa-crossbeat-0812/17-goodbye-ipa-r1-w015-s1.png
0.5458	0.5247	farm-out/ep2-b17-ipa-crossbeat-0812/17-goodbye-ipa-r1-w015-s2.png
0.6944	0.6815	farm-out/ep2-b17-ipa-crossbeat-0812/17-goodbye-ipa-r1-w015-s3.png
0.8801	0.8773	farm-out/ep2-b17-ipa-crossbeat-0812/17-goodbye-ipa-r2-w015-s0.png
0.9781	0.9732	farm-out/ep2-b17-ipa-crossbeat-0812/17-goodbye-ipa-r2-w015-s1.png
0.9503	0.9474	farm-out/ep2-b17-ipa-crossbeat-0812/17-goodbye-ipa-r2-w015-s2.png
0.7564	0.7534	farm-out/ep2-b17-ipa-crossbeat-0812/17-goodbye-ipa-r2-w015-s3.png
0.8801	0.8773	farm-out/ep2-b17-ipa-crossbeat-0812/17-goodbye-ipa-r3-w015-s0.png
0.9781	0.9732	farm-out/ep2-b17-ipa-crossbeat-0812/17-goodbye-ipa-r3-w015-s1.png
0.9503	0.9474	farm-out/ep2-b17-ipa-crossbeat-0812/17-goodbye-ipa-r3-w015-s2.png
0.7564	0.7534	farm-out/ep2-b17-ipa-crossbeat-0812/17-goodbye-ipa-r3-w015-s3.png
0.0713	0.0060	farm-out/ep2-b17-lw/b13-init-704x1280.png
0.6878	0.6831	farm-out/ep2-b17-motion/b17-init-704x1280.png
0.6878	0.6831	farm-out/ep2-b17-nearworld/b17-init-704x1280.png
0.0713	0.0060	farm-out/ep2-b17-plate-0814/17-goodbye-ipa-r0-w015-s0.png
0.0322	0.0023	farm-out/ep2-b17-plate-0814/17-goodbye-ipa-r0-w015-s1.png
0.4189	0.3761	farm-out/ep2-b17-plate-0814/17-goodbye-ipa-r0-w015-s2.png
0.1988	0.0801	farm-out/ep2-b17-plate-0814/17-goodbye-ipa-r0-w015-s3.png
0.1579	0.0807	farm-out/ep2-b17-plate-0814/17-goodbye-ipa-r1-w015-s0.png
0.0685	0.0059	farm-out/ep2-b17-plate-0814/17-goodbye-ipa-r1-w015-s1.png
0.0170	0.0057	farm-out/ep2-b17-plate-0814/17-goodbye-ipa-r1-w015-s2.png
0.4474	0.0034	farm-out/ep2-b17-plate-0814/17-goodbye-ipa-r1-w015-s3.png
0.2018	0.0965	farm-out/ep2-b17-plate-0814/17-goodbye-ipa-r2-w015-s0.png
0.2057	0.0916	farm-out/ep2-b17-plate-0814/17-goodbye-ipa-r2-w015-s1.png
0.0882	0.0518	farm-out/ep2-b17-plate-0814/17-goodbye-ipa-r2-w015-s2.png
0.2342	0.0187	farm-out/ep2-b17-plate-0814/17-goodbye-ipa-r2-w015-s3.png
0.0714	0.0000	farm-out/ep2-b17-plate-0814/17-goodbye-ipa-r3-w015-s0.png
0.1260	0.0019	farm-out/ep2-b17-plate-0814/17-goodbye-ipa-r3-w015-s1.png
0.6878	0.6831	farm-out/ep2-b17-stable/b17-init-704x1280.png
0.6878	0.6831	farm-out/ep2-b17-stableB/b17-init-704x1280.png
0.0713	0.0060	farm-out/ep2-b17-turn-0815/b17-init-704x1280.png
0.0848	0.0009	farm-out/ep2-b17-turn-s1-0815/b17-init-704x1280.png
0.0848	0.0009	farm-out/ep2-b17-turn-s2-0815/b17-init-704x1280.png
0.0848	0.0009	farm-out/ep2-b17-turn-s3-0815/b17-init-704x1280.png
0.0848	0.0009	farm-out/ep2-b17-turn-s4-0815/b17-init-704x1280.png
0.0713	0.0060	farm-out/ep2-b17-turnB-0815/b17-init-704x1280.png
0.2241	0.0515	farm-out/ep2-b17-refresh/17-goodbye-wave1-s2.png
0.3156	0.0922	farm-out/ep2-b17-refresh/17-goodbye-wave1-s3.png
0.0848	0.0009	farm-out/ep2-b17-rise-s1-0815/b17-init-704x1280.png
0.0848	0.0009	farm-out/ep2-b17-rise-s2-0815/b17-init-704x1280.png
0.0848	0.0009	farm-out/ep2-b17-rise-s3-0815/b17-init-704x1280.png
0.0848	0.0009	farm-out/ep2-b17-rise-s4-0815/b17-init-704x1280.png
0.6878	0.6831	farm-out/ep2-b17-scale/b17-init-704x1280.png
0.6878	0.6831	farm-out/ep2-b17-seedB/b17-init-704x1280.png
0.1786	0.1438	farm-out/ep2-b17-plate-0814/17-goodbye-ipa-r3-w015-s2.png
0.0735	0.0034	farm-out/ep2-b17-plate-0814/17-goodbye-ipa-r3-w015-s3.png
0.6878	0.6831	farm-out/ep2-b17-poolC/b17-init-704x1280.png
0.6878	0.6831	farm-out/ep2-b17-poolD/b17-init-704x1280.png
0.0713	0.0060	farm-out/ep2-b17-refire/b13-init-704x1280.png
0.0713	0.0060	farm-out/ep2-b17-refireB/b13-init-704x1280.png
0.0964	0.0052	farm-out/ep2-b17-refresh/17-goodbye-wave1-s0.png
0.2516	0.0386	farm-out/ep2-b17-refresh/17-goodbye-wave1-s1.png
0.6878	0.6831	farm-out/ep2-b17-warm/b17-init-704x1280.png
0.6878	0.6831	farm-out/ep2-b17-warmB/b17-init-704x1280.png
0.0713	0.0060	farm-out/ep2-b17-wave/b13-init-704x1280.png
0.0713	0.0060	farm-out/ep2-b17-waveB/b13-init-704x1280.png
0.6878	0.6831	farm-out/ep2-b17-world/b17-init-704x1280.png
0.0598	0.0266	farm-out/ep2-b18-count/b13-init-704x1280.png
0.0598	0.0266	farm-out/ep2-b18-countB/b13-init-704x1280.png
0.0598	0.0266	farm-out/ep2-b18-figfeat/b13-init-704x1280.png
0.0598	0.0266	farm-out/ep2-b18-figfeatB/b13-init-704x1280.png
0.1448	0.0993	farm-out/ep2-b18-figleaf2-0814/18-the-decision-ipa-r0-w015-s0.png
0.1993	0.0503	farm-out/ep2-b18-figleaf2-0814/18-the-decision-ipa-r0-w015-s1.png
0.3284	0.2664	farm-out/ep2-b18-figleaf2-0814/18-the-decision-ipa-r0-w015-s2.png
0.2711	0.1284	farm-out/ep2-b18-figleaf2-0814/18-the-decision-ipa-r0-w015-s3.png
0.2253	0.1839	farm-out/ep2-b18-figleaf2-0814/18-the-decision-ipa-r1-w015-s0.png
0.1149	0.0875	farm-out/ep2-b18-figleaf2-0814/18-the-decision-ipa-r1-w015-s1.png
0.3297	0.2851	farm-out/ep2-b18-figleaf2-0814/18-the-decision-ipa-r1-w015-s2.png
0.3628	0.2972	farm-out/ep2-b18-figleaf2-0814/18-the-decision-ipa-r1-w015-s3.png
0.2273	0.0892	farm-out/ep2-b18-figleaf2-0814/18-the-decision-ipa-r2-w015-s0.png
0.5685	0.3034	farm-out/ep2-b18-figleaf2-0814/18-the-decision-ipa-r2-w015-s1.png
0.1902	0.0885	farm-out/ep2-b18-figleaf2-0814/18-the-decision-ipa-r2-w015-s2.png
0.1214	0.1061	farm-out/ep2-b18-figleaf2-0814/18-the-decision-ipa-r2-w015-s3.png
0.1473	0.1407	farm-out/ep2-b18-figleaf2-0814/18-the-decision-ipa-r3-w015-s0.png
0.2367	0.1195	farm-out/ep2-b18-figleaf2-0814/18-the-decision-ipa-r3-w015-s1.png
0.1106	0.0059	farm-out/ep2-b18-figleaf2-0814/18-the-decision-ipa-r3-w015-s2.png
0.0852	0.0297	farm-out/ep2-b18-figleaf2-0814/18-the-decision-ipa-r3-w015-s3.png
0.3720	0.0087	farm-out/ep2-b18-figleaf2-wedge-0814/18-the-decision-ipa-r0-w010-s0.png
0.3219	0.0888	farm-out/ep2-b18-figleaf2-wedge-0814/18-the-decision-ipa-r0-w010-s1.png
0.4371	0.1121	farm-out/ep2-b18-figleaf2-wedge-0814/18-the-decision-ipa-r0-w010-s2.png
0.4452	0.0925	farm-out/ep2-b18-figleaf2-wedge-0814/18-the-decision-ipa-r0-w010-s3.png
0.1620	0.0713	farm-out/ep2-b18-figleaf2-wedge-0814/18-the-decision-ipa-r0-w020-s0.png
0.3136	0.1568	farm-out/ep2-b18-figleaf2-wedge-0814/18-the-decision-ipa-r0-w020-s1.png
0.2966	0.2003	farm-out/ep2-b18-figleaf2-wedge-0814/18-the-decision-ipa-r0-w020-s2.png
0.3884	0.2784	farm-out/ep2-b18-figleaf2-wedge-0814/18-the-decision-ipa-r0-w020-s3.png
0.1686	0.0431	farm-out/ep2-b18-figleaf3-0814/18-the-decision-ipa-r0-w015-s0.png
0.3505	0.2213	farm-out/ep2-b18-figleaf3-0814/18-the-decision-ipa-r0-w015-s1.png
0.2917	0.2106	farm-out/ep2-b18-figleaf3-0814/18-the-decision-ipa-r0-w015-s2.png
0.0978	0.0403	farm-out/ep2-b18-figleaf3-0814/18-the-decision-ipa-r0-w015-s3.png
0.2083	0.1736	farm-out/ep2-b18-figleaf3-0814/18-the-decision-ipa-r1-w015-s0.png
0.4083	0.3595	farm-out/ep2-b18-figleaf3-0814/18-the-decision-ipa-r1-w015-s1.png
0.1758	0.1471	farm-out/ep2-b18-figleaf3-0814/18-the-decision-ipa-r1-w015-s2.png
0.2970	0.2419	farm-out/ep2-b18-figleaf3-0814/18-the-decision-ipa-r1-w015-s3.png
0.4569	0.0003	farm-out/ep2-b18-figleaf3-0814/18-the-decision-ipa-r2-w015-s0.png
0.3064	0.0524	farm-out/ep2-b18-figleaf3-0814/18-the-decision-ipa-r2-w015-s1.png
0.3093	0.1437	farm-out/ep2-b18-figleaf3-0814/18-the-decision-ipa-r2-w015-s2.png
0.6820	0.1017	farm-out/ep2-b18-figleaf3-0814/18-the-decision-ipa-r2-w015-s3.png
0.0646	0.0463	farm-out/ep2-b18-figleaf3-0814/18-the-decision-ipa-r3-w015-s0.png
0.1128	0.0740	farm-out/ep2-b18-figleaf3-0814/18-the-decision-ipa-r3-w015-s1.png
0.0450	0.0002	farm-out/ep2-b18-figleaf3-0814/18-the-decision-ipa-r3-w015-s2.png
0.1106	0.0692	farm-out/ep2-b18-figleaf3-0814/18-the-decision-ipa-r3-w015-s3.png
0.2429	0.1811	farm-out/ep2-b18-figlit-0814/18-the-decision-ipa-r0-w015-s0.png
0.3831	0.2853	farm-out/ep2-b18-figlit-0814/18-the-decision-ipa-r0-w015-s1.png
0.6067	0.5922	farm-out/ep2-b18-figlit-0814/18-the-decision-ipa-r0-w015-s2.png
0.8125	0.4072	farm-out/ep2-b18-figlit-0814/18-the-decision-ipa-r0-w015-s3.png
0.1724	0.0700	farm-out/ep2-b18-figlit-0814/18-the-decision-ipa-r1-w015-s0.png
0.4792	0.2717	farm-out/ep2-b18-figlit-0814/18-the-decision-ipa-r1-w015-s1.png
0.1457	0.0798	farm-out/ep2-b18-figlit-0814/18-the-decision-ipa-r1-w015-s2.png
0.0281	0.0164	farm-out/ep2-b18-figlit-0814/18-the-decision-ipa-r1-w015-s3.png
0.0414	0.0252	farm-out/ep2-b18-figlit-0814/18-the-decision-ipa-r2-w015-s0.png
0.3874	0.3128	farm-out/ep2-b18-figlit-0814/18-the-decision-ipa-r2-w015-s1.png
0.0641	0.0543	farm-out/ep2-b18-figlit-0814/18-the-decision-ipa-r2-w015-s2.png
0.3110	0.0006	farm-out/ep2-b18-figlit-0814/18-the-decision-ipa-r2-w015-s3.png
0.1419	0.1232	farm-out/ep2-b18-figlit-0814/18-the-decision-ipa-r3-w015-s0.png
0.3052	0.2375	farm-out/ep2-b18-figlit-0814/18-the-decision-ipa-r3-w015-s1.png
0.2614	0.1673	farm-out/ep2-b18-figlit-0814/18-the-decision-ipa-r3-w015-s2.png
0.4245	0.4163	farm-out/ep2-b18-figlit-0814/18-the-decision-ipa-r3-w015-s3.png
0.0598	0.0266	farm-out/ep2-b18-figshape-r2/b13-init-704x1280.png
0.0598	0.0266	farm-out/ep2-b18-figshape-r2B/b13-init-704x1280.png
0.0598	0.0266	farm-out/ep2-b18-figshape/b13-init-704x1280.png
0.0598	0.0266	farm-out/ep2-b18-figshapeB/b13-init-704x1280.png
0.0598	0.0266	farm-out/ep2-b18-firstera/b13-init-704x1280.png
0.0598	0.0266	farm-out/ep2-b18-loop1/b13-init-704x1280.png
0.0598	0.0266	farm-out/ep2-b18-loop1B/b13-init-704x1280.png
0.0598	0.0266	farm-out/ep2-b18-lw/b13-init-704x1280.png
0.0598	0.0266	farm-out/ep2-b18-motion/b13-init-704x1280.png
0.0598	0.0266	farm-out/ep2-b18-nocrf/b13-init-704x1280.png
0.0598	0.0266	farm-out/ep2-b18-plainfig/b13-init-704x1280.png
0.0598	0.0266	farm-out/ep2-b18-plainfigB/b13-init-704x1280.png
0.2262	0.0006	farm-out/ep2-b18-plantneg-0812/18-the-decision-wave1-s0.png
0.1265	0.0923	farm-out/ep2-b18-plantneg-0812/18-the-decision-wave1-s1.png
0.5245	0.5123	farm-out/ep2-b18-plantneg-0812/18-the-decision-wave1-s2.png
0.2257	0.1142	farm-out/ep2-b18-scene-0814/18-the-decision-wave1-s1.png
0.1405	0.0011	farm-out/ep2-b18-scene-0814/18-the-decision-wave1-s2.png
0.0988	0.0649	farm-out/ep2-b18-scene-0814/18-the-decision-wave1-s3.png
0.0598	0.0266	farm-out/ep2-b18-seedB/b13-init-704x1280.png
0.0598	0.0266	farm-out/ep2-b18-stable/b13-init-704x1280.png
0.0598	0.0266	farm-out/ep2-b18-stableB/b13-init-704x1280.png
0.0598	0.0266	farm-out/ep2-b18-tight/b13-init-704x1280.png
0.0598	0.0266	farm-out/ep2-b18-tightB/b13-init-704x1280.png
0.0598	0.0266	farm-out/ep2-b18-plantneg-0812/18-the-decision-wave1-s3.png
0.0598	0.0266	farm-out/ep2-b18-purplefig/b13-init-704x1280.png
0.0598	0.0266	farm-out/ep2-b18-purplefigB/b13-init-704x1280.png
0.2271	0.0617	farm-out/ep2-b18-refresh/18-the-decision-wave1-s0.png
0.3165	0.0327	farm-out/ep2-b18-refresh/18-the-decision-wave1-s1.png
0.1306	0.0200	farm-out/ep2-b18-refresh/18-the-decision-wave1-s2.png
0.0451	0.0137	farm-out/ep2-b18-refresh/18-the-decision-wave1-s3.png
0.0775	0.0299	farm-out/ep2-b18-scene-0814/18-the-decision-wave1-s0.png
0.5927	0.5641	farm-out/ep2-b19-disamb/b19-init-704x1280.png
0.5927	0.5641	farm-out/ep2-b19-disambB/b19-init-704x1280.png
0.5927	0.5641	farm-out/ep2-b19-figshape/b19-init-704x1280.png
0.5927	0.5641	farm-out/ep2-b19-figshapeB/b19-init-704x1280.png
0.5927	0.5641	farm-out/ep2-b19-geo/b19-init-704x1280.png
0.5927	0.5641	farm-out/ep2-b19-geoB/b19-init-704x1280.png
0.4464	0.0002	farm-out/ep2-b19-idfix-r2/19-the-drop-wave1-s0.png
0.3251	0.1302	farm-out/ep2-b19-idfix-r2/19-the-drop-wave1-s1.png
0.7631	0.7601	farm-out/ep2-b19-ipa-frozen-0812/19-the-drop-ipa-r0-w015-s2.png
0.7997	0.7878	farm-out/ep2-b19-ipa-frozen-0812/19-the-drop-ipa-r0-w015-s3.png
0.8167	0.8099	farm-out/ep2-b19-ipa-frozen-0812/19-the-drop-ipa-r1-w015-s0.png
0.5927	0.5641	farm-out/ep2-b19-ipa-frozen-0812/19-the-drop-ipa-r1-w015-s1.png
0.7631	0.7601	farm-out/ep2-b19-ipa-frozen-0812/19-the-drop-ipa-r1-w015-s2.png
0.7997	0.7878	farm-out/ep2-b19-ipa-frozen-0812/19-the-drop-ipa-r1-w015-s3.png
0.9783	0.9770	farm-out/ep2-b19-ipa-frozen-0812/19-the-drop-ipa-r2-w015-s0.png
0.9637	0.9622	farm-out/ep2-b19-ipa-frozen-0812/19-the-drop-ipa-r2-w015-s1.png
0.2299	0.0586	farm-out/ep2-b19-idfix-r2/19-the-drop-wave1-s2.png
0.2388	0.0000	farm-out/ep2-b19-idfix-r2/19-the-drop-wave1-s3.png
0.1942	0.0001	farm-out/ep2-b19-idfix/19-the-drop-wave1-s0.png
0.2680	0.1108	farm-out/ep2-b19-idfix/19-the-drop-wave1-s1.png
0.2292	0.0056	farm-out/ep2-b19-idfix/19-the-drop-wave1-s2.png
0.2588	0.0000	farm-out/ep2-b19-idfix/19-the-drop-wave1-s3.png
0.8167	0.8099	farm-out/ep2-b19-ipa-frozen-0812/19-the-drop-ipa-r0-w015-s0.png
0.5927	0.5641	farm-out/ep2-b19-ipa-frozen-0812/19-the-drop-ipa-r0-w015-s1.png
0.6589	0.5638	farm-out/ep2-b19-ipa-wedge-0812/19-the-drop-ipa-r0-w010-s2.png
0.7896	0.7859	farm-out/ep2-b19-ipa-wedge-0812/19-the-drop-ipa-r0-w010-s3.png
0.8199	0.8176	farm-out/ep2-b19-ipa-wedge-0812/19-the-drop-ipa-r0-w020-s0.png
0.5335	0.5143	farm-out/ep2-b19-ipa-wedge-0812/19-the-drop-ipa-r0-w020-s1.png
0.7590	0.7548	farm-out/ep2-b19-ipa-wedge-0812/19-the-drop-ipa-r0-w020-s2.png
0.8159	0.8115	farm-out/ep2-b19-ipa-wedge-0812/19-the-drop-ipa-r0-w020-s3.png
0.0981	0.0426	farm-out/ep2-b19-lw/b13-init-704x1280.png
0.5927	0.5641	farm-out/ep2-b19-motion/b19-init-704x1280.png
0.9921	0.9919	farm-out/ep2-b19-ipa-frozen-0812/19-the-drop-ipa-r2-w015-s2.png
0.9938	0.9929	farm-out/ep2-b19-ipa-frozen-0812/19-the-drop-ipa-r2-w015-s3.png
0.9783	0.9770	farm-out/ep2-b19-ipa-frozen-0812/19-the-drop-ipa-r3-w015-s0.png
0.9637	0.9622	farm-out/ep2-b19-ipa-frozen-0812/19-the-drop-ipa-r3-w015-s1.png
0.9921	0.9919	farm-out/ep2-b19-ipa-frozen-0812/19-the-drop-ipa-r3-w015-s2.png
0.9938	0.9929	farm-out/ep2-b19-ipa-frozen-0812/19-the-drop-ipa-r3-w015-s3.png
0.8115	0.8092	farm-out/ep2-b19-ipa-wedge-0812/19-the-drop-ipa-r0-w010-s0.png
0.3421	0.2434	farm-out/ep2-b19-ipa-wedge-0812/19-the-drop-ipa-r0-w010-s1.png
0.5927	0.5641	farm-out/ep2-b19-object/b19-init-704x1280.png
0.5927	0.5641	farm-out/ep2-b19-overhead/b19-init-704x1280.png
0.5927	0.5641	farm-out/ep2-b19-place/b19-init-704x1280.png
0.0981	0.0426	farm-out/ep2-b19-plate-0814/19-the-drop-ipa-r0-w015-s0.png
0.0689	0.0073	farm-out/ep2-b19-plate-0814/19-the-drop-ipa-r0-w015-s1.png
0.1418	0.0501	farm-out/ep2-b19-plate-0814/19-the-drop-ipa-r0-w015-s2.png
0.1440	0.0675	farm-out/ep2-b19-plate-0814/19-the-drop-ipa-r0-w015-s3.png
0.1006	0.0413	farm-out/ep2-b19-plate-0814/19-the-drop-ipa-r1-w015-s0.png
0.0267	0.0000	farm-out/ep2-b19-plate-0814/19-the-drop-ipa-r3-w015-s1.png
0.1104	0.0068	farm-out/ep2-b19-plate-0814/19-the-drop-ipa-r3-w015-s2.png
0.0445	0.0022	farm-out/ep2-b19-plate-0814/19-the-drop-ipa-r3-w015-s3.png
0.4947	0.1782	farm-out/ep2-b19-refresh/19-the-drop-wave1-s0.png
0.2976	0.1191	farm-out/ep2-b19-refresh/19-the-drop-wave1-s1.png
0.2504	0.0876	farm-out/ep2-b19-refresh/19-the-drop-wave1-s2.png
0.3068	0.0003	farm-out/ep2-b19-refresh/19-the-drop-wave1-s3.png
0.5927	0.5641	farm-out/ep2-b19-seedB/b19-init-704x1280.png
0.5927	0.5641	farm-out/ep2-b19-under/b19-init-704x1280.png
0.0981	0.0426	farm-out/ep2-b19-wave/b13-init-704x1280.png
0.0981	0.0426	farm-out/ep2-b19-waveB/b13-init-704x1280.png
0.5927	0.5641	farm-out/ep2-b19-world/b19-init-704x1280.png
0.5927	0.5641	farm-out/ep2-b19-worldB/b19-init-704x1280.png
0.8044	0.8019	farm-out/ep2-b20-chest/b20-init-704x1280.png
0.1333	0.0250	farm-out/ep2-b20-goblin-ipa-crossbeat/20-evidence-ipa-r0-w015-s0.png
0.3848	0.0017	farm-out/ep2-b20-goblin-ipa-crossbeat/20-evidence-ipa-r0-w015-s1.png
0.1396	0.0721	farm-out/ep2-b19-plate-0814/19-the-drop-ipa-r1-w015-s1.png
0.0170	0.0016	farm-out/ep2-b19-plate-0814/19-the-drop-ipa-r1-w015-s2.png
0.2011	0.1580	farm-out/ep2-b19-plate-0814/19-the-drop-ipa-r1-w015-s3.png
0.1353	0.0775	farm-out/ep2-b19-plate-0814/19-the-drop-ipa-r2-w015-s0.png
0.1123	0.0296	farm-out/ep2-b19-plate-0814/19-the-drop-ipa-r2-w015-s1.png
0.2526	0.0730	farm-out/ep2-b19-plate-0814/19-the-drop-ipa-r2-w015-s2.png
0.1793	0.0273	farm-out/ep2-b19-plate-0814/19-the-drop-ipa-r2-w015-s3.png
0.1327	0.1178	farm-out/ep2-b19-plate-0814/19-the-drop-ipa-r3-w015-s0.png
0.2506	0.0255	farm-out/ep2-b20-goblin-ipa-crossbeat/20-evidence-ipa-r0-w015-s2.png
0.0748	0.0126	farm-out/ep2-b20-goblin-ipa-crossbeat/20-evidence-ipa-r0-w015-s3.png
0.0253	0.0028	farm-out/ep2-b20-goblin-ipa-crossbeat/20-evidence-ipa-r1-w015-s0.png
0.2429	0.0599	farm-out/ep2-b20-goblin-ipa-crossbeat/20-evidence-ipa-r1-w015-s1.png
0.2412	0.0409	farm-out/ep2-b20-goblin-ipa-crossbeat/20-evidence-ipa-r1-w015-s2.png
0.1981	0.0804	farm-out/ep2-b20-goblin-ipa-crossbeat/20-evidence-ipa-r1-w015-s3.png
0.0952	0.0007	farm-out/ep2-b20-goblin-ipa-crossbeat/20-evidence-ipa-r2-w015-s0.png
0.1216	0.0139	farm-out/ep2-b20-goblin-ipa-crossbeat/20-evidence-ipa-r2-w015-s1.png
0.1219	0.0256	farm-out/ep2-b20-goblin-ipa-crossbeat/20-evidence-ipa-r2-w015-s2.png
0.1755	0.0072	farm-out/ep2-b20-goblin-ipa-crossbeat/20-evidence-ipa-r2-w015-s3.png
0.1880	0.1724	farm-out/ep2-b20-goblin-ipa-crossbeat/20-evidence-ipa-r3-w015-s0.png
0.2233	0.0234	farm-out/ep2-b20-goblin-ipa-crossbeat/20-evidence-ipa-r3-w015-s1.png
0.4145	0.2807	farm-out/ep2-b20-goblin-ipa-crossbeat/20-evidence-ipa-r3-w015-s2.png
0.2860	0.0061	farm-out/ep2-b20-goblin-ipa-crossbeat/20-evidence-ipa-r3-w015-s3.png
0.1179	0.0180	farm-out/ep2-b20-idfix-r2/20-evidence-wave1-s0.png
0.0733	0.0138	farm-out/ep2-b20-idfix-r2/20-evidence-wave1-s1.png
0.6480	0.6357	farm-out/ep2-b20-ipa-frozen-0812/20-evidence-ipa-r0-w015-s2.png
0.6727	0.6717	farm-out/ep2-b20-ipa-frozen-0812/20-evidence-ipa-r0-w015-s3.png
0.7305	0.7295	farm-out/ep2-b20-ipa-frozen-0812/20-evidence-ipa-r1-w015-s0.png
0.8044	0.8019	farm-out/ep2-b20-ipa-frozen-0812/20-evidence-ipa-r1-w015-s1.png
0.6480	0.6357	farm-out/ep2-b20-ipa-frozen-0812/20-evidence-ipa-r1-w015-s2.png
0.6727	0.6717	farm-out/ep2-b20-ipa-frozen-0812/20-evidence-ipa-r1-w015-s3.png
0.9207	0.9198	farm-out/ep2-b20-ipa-frozen-0812/20-evidence-ipa-r2-w015-s0.png
1.0000	1.0000	farm-out/ep2-b20-ipa-frozen-0812/20-evidence-ipa-r2-w015-s1.png
0.1686	0.0598	farm-out/ep2-b20-idfix-r2/20-evidence-wave1-s2.png
0.0276	0.0025	farm-out/ep2-b20-idfix-r2/20-evidence-wave1-s3.png
0.2621	0.1372	farm-out/ep2-b20-idfix/20-evidence-wave1-s0.png
0.1094	0.0025	farm-out/ep2-b20-idfix/20-evidence-wave1-s1.png
0.1937	0.0515	farm-out/ep2-b20-idfix/20-evidence-wave1-s2.png
0.0451	0.0001	farm-out/ep2-b20-idfix/20-evidence-wave1-s3.png
0.7305	0.7295	farm-out/ep2-b20-ipa-frozen-0812/20-evidence-ipa-r0-w015-s0.png
0.8044	0.8019	farm-out/ep2-b20-ipa-frozen-0812/20-evidence-ipa-r0-w015-s1.png
0.9890	0.9889	farm-out/ep2-b20-ipa-frozen-0812/20-evidence-ipa-r2-w015-s2.png
0.8387	0.8378	farm-out/ep2-b20-ipa-frozen-0812/20-evidence-ipa-r2-w015-s3.png
0.9207	0.9198	farm-out/ep2-b20-ipa-frozen-0812/20-evidence-ipa-r3-w015-s0.png
1.0000	1.0000	farm-out/ep2-b20-ipa-frozen-0812/20-evidence-ipa-r3-w015-s1.png
0.9890	0.9889	farm-out/ep2-b20-ipa-frozen-0812/20-evidence-ipa-r3-w015-s2.png
0.8387	0.8378	farm-out/ep2-b20-ipa-frozen-0812/20-evidence-ipa-r3-w015-s3.png
0.0289	0.0000	farm-out/ep2-b20-lw/b13-init-704x1280.png
0.8044	0.8019	farm-out/ep2-b20-motion/b20-init-704x1280.png
0.2200	0.2030	farm-out/ep2-b20-plate-0814/20-evidence-ipa-r3-w015-s2.png
0.1311	0.1183	farm-out/ep2-b20-plate-0814/20-evidence-ipa-r3-w015-s3.png
0.0939	0.0038	farm-out/ep2-b20-refresh/20-evidence-wave1-s0.png
0.0715	0.0015	farm-out/ep2-b20-refresh/20-evidence-wave1-s1.png
0.1268	0.0158	farm-out/ep2-b20-refresh/20-evidence-wave1-s2.png
0.0728	0.0014	farm-out/ep2-b20-refresh/20-evidence-wave1-s3.png
0.8044	0.8019	farm-out/ep2-b20-shape/b20-init-704x1280.png
0.8044	0.8019	farm-out/ep2-b20-shapeB/b20-init-704x1280.png
0.0078	0.0009	farm-out/ep2-b20-plate-0814/20-evidence-ipa-r1-w015-s2.png
0.3905	0.3422	farm-out/ep2-b20-plate-0814/20-evidence-ipa-r1-w015-s3.png
0.0677	0.0217	farm-out/ep2-b20-plate-0814/20-evidence-ipa-r2-w015-s0.png
0.3063	0.2674	farm-out/ep2-b20-plate-0814/20-evidence-ipa-r2-w015-s1.png
0.1353	0.0045	farm-out/ep2-b20-plate-0814/20-evidence-ipa-r2-w015-s2.png
0.4539	0.0332	farm-out/ep2-b20-plate-0814/20-evidence-ipa-r2-w015-s3.png
0.1877	0.0071	farm-out/ep2-b20-plate-0814/20-evidence-ipa-r3-w015-s0.png
0.1855	0.1734	farm-out/ep2-b20-plate-0814/20-evidence-ipa-r3-w015-s1.png
0.8044	0.8019	farm-out/ep2-b20-object/b20-init-704x1280.png
0.8044	0.8019	farm-out/ep2-b20-place/b20-init-704x1280.png
0.0289	0.0000	farm-out/ep2-b20-plate-0814/20-evidence-ipa-r0-w015-s0.png
0.4852	0.4242	farm-out/ep2-b20-plate-0814/20-evidence-ipa-r0-w015-s1.png
0.0257	0.0001	farm-out/ep2-b20-plate-0814/20-evidence-ipa-r0-w015-s2.png
0.3179	0.2982	farm-out/ep2-b20-plate-0814/20-evidence-ipa-r0-w015-s3.png
0.0257	0.0008	farm-out/ep2-b20-plate-0814/20-evidence-ipa-r1-w015-s0.png
0.1015	0.0060	farm-out/ep2-b20-plate-0814/20-evidence-ipa-r1-w015-s1.png
0.0289	0.0000	farm-out/ep2-b20-wave/b13-init-704x1280.png
0.0289	0.0000	farm-out/ep2-b20-waveB/b13-init-704x1280.png
0.0942	0.0129	farm-out/ep2-b21-daylight-0814/b13-init-704x1280.png
0.0942	0.0129	farm-out/ep2-b21-daylightB-0814/b13-init-704x1280.png
0.1349	0.0924	farm-out/ep2-b21-hold-0813/b13-init-704x1280.png
0.1349	0.0924	farm-out/ep2-b21-holdB-0813/b13-init-704x1280.png
0.1349	0.0924	farm-out/ep2-b21-motion/b13-init-704x1280.png
0.4885	0.2104	farm-out/ep2-b21-nw-0815/b21-init-704x1280.png
0.0942	0.0129	farm-out/ep2-b21-pass-0814/b13-init-704x1280.png
0.0942	0.0129	farm-out/ep2-b21-passB-0814/b13-init-704x1280.png
0.1349	0.0924	farm-out/ep2-b21-poolC/b13-init-704x1280.png
0.1349	0.0924	farm-out/ep2-b21-poolD/b13-init-704x1280.png
0.1349	0.0924	farm-out/ep2-b21-poses-0814/b13-init-704x1280.png
0.1349	0.0924	farm-out/ep2-b21-posesB-0814/b13-init-704x1280.png
0.2916	0.2150	farm-out/ep2-b21-refresh/21-the-answer-wave1-s0.png
0.0766	0.0041	farm-out/ep2-b21-refresh/21-the-answer-wave1-s1.png
0.1349	0.0924	farm-out/ep2-b21-stableB/b13-init-704x1280.png
0.1349	0.0924	farm-out/ep2-b21-stemanchor-0812/21-the-answer-wave1-s0.png
0.2555	0.1848	farm-out/ep2-b21-stemanchor-0812/21-the-answer-wave1-s1.png
0.3984	0.2078	farm-out/ep2-b21-stemanchor-0812/21-the-answer-wave1-s2.png
0.1515	0.0882	farm-out/ep2-b21-stemanchor-0812/21-the-answer-wave1-s3.png
0.1349	0.0924	farm-out/ep2-b21-warm/b13-init-704x1280.png
0.1349	0.0924	farm-out/ep2-b21-warmB/b13-init-704x1280.png
0.1349	0.0924	farm-out/ep2-b21-world-0813/b13-init-704x1280.png
0.0661	0.0058	farm-out/ep2-b21-refresh/21-the-answer-wave1-s2.png
0.1008	0.0022	farm-out/ep2-b21-refresh/21-the-answer-wave1-s3.png
0.4885	0.2104	farm-out/ep2-b21-scene-0814/21-the-answer-wave1-s0.png
0.4333	0.2337	farm-out/ep2-b21-scene-0814/21-the-answer-wave1-s1.png
0.2530	0.1505	farm-out/ep2-b21-scene-0814/21-the-answer-wave1-s2.png
0.1211	0.0414	farm-out/ep2-b21-scene-0814/21-the-answer-wave1-s3.png
0.1349	0.0924	farm-out/ep2-b21-seedB/b13-init-704x1280.png
0.1349	0.0924	farm-out/ep2-b21-stable/b13-init-704x1280.png
0.1349	0.0924	farm-out/ep2-b21-world-0813B/b13-init-704x1280.png
0.0579	0.0199	farm-out/ep2-bark-plates-0815/b06-barkboard-pass-s10.png
0.0441	0.0015	farm-out/ep2-bark-plates-0815/b10-barkboard-pass-s13.png
0.6841	0.6798	farm-out/ep2-charref-goblin-0812/04-the-footnote-wave1-s0.png
0.7557	0.7483	farm-out/ep2-charref-goblin-0812/04-the-footnote-wave1-s1.png
0.8902	0.8894	farm-out/ep2-charref-goblin-0812/04-the-footnote-wave1-s2.png
0.8501	0.8465	farm-out/ep2-charref-goblin-0812/04-the-footnote-wave1-s3.png
0.8518	0.8411	farm-out/ep2-charref-goblin-r2-0812/04-the-footnote-wave1-s0.png
0.5436	0.5332	farm-out/ep2-charref-guards-r4-0812/06-the-clipboard-wave1-s1.png
0.7017	0.7002	farm-out/ep2-charref-guards-r4-0812/06-the-clipboard-wave1-s2.png
0.2195	0.2064	farm-out/ep2-charref-guards-r4-0812/06-the-clipboard-wave1-s3.png
0.6788	0.6723	farm-out/ep2-charref-guards-r5-0812/06-the-clipboard-wave1-s0.png
0.5576	0.5499	farm-out/ep2-charref-guards-r5-0812/06-the-clipboard-wave1-s1.png
0.6984	0.6971	farm-out/ep2-charref-guards-r5-0812/06-the-clipboard-wave1-s2.png
0.2190	0.0898	farm-out/ep2-charref-guards-r5-0812/06-the-clipboard-wave1-s3.png
0.5143	0.5129	farm-out/ep2-goblin-design-d1-0814/04-the-footnote-wave1-s0.png
0.6513	0.6197	farm-out/ep2-charref-goblin-r2-0812/04-the-footnote-wave1-s1.png
0.7302	0.7221	farm-out/ep2-charref-goblin-r2-0812/04-the-footnote-wave1-s2.png
0.8397	0.8329	farm-out/ep2-charref-goblin-r2-0812/04-the-footnote-wave1-s3.png
0.9101	0.8915	farm-out/ep2-charref-guards-0812/05-the-patrol-wave1-s0.png
0.0595	0.0488	farm-out/ep2-charref-guards-0812/05-the-patrol-wave1-s1.png
0.3601	0.3447	farm-out/ep2-charref-guards-0812/05-the-patrol-wave1-s2.png
0.9370	0.9365	farm-out/ep2-charref-guards-0812/05-the-patrol-wave1-s3.png
0.4915	0.4856	farm-out/ep2-charref-guards-r2-0812/05-the-patrol-wave1-s0.png
0.0345	0.0280	farm-out/ep2-charref-guards-r2-0812/05-the-patrol-wave1-s1.png
0.3644	0.3474	farm-out/ep2-charref-guards-r2-0812/05-the-patrol-wave1-s2.png
0.9642	0.9624	farm-out/ep2-charref-guards-r2-0812/05-the-patrol-wave1-s3.png
0.6520	0.6457	farm-out/ep2-charref-guards-r3-0812/06-the-clipboard-wave1-s0.png
0.0030	0.0003	farm-out/ep2-charref-guards-r3-0812/06-the-clipboard-wave1-s1.png
0.7197	0.7183	farm-out/ep2-charref-guards-r3-0812/06-the-clipboard-wave1-s2.png
0.5316	0.5309	farm-out/ep2-charref-guards-r3-0812/06-the-clipboard-wave1-s3.png
0.5892	0.5863	farm-out/ep2-charref-guards-r4-0812/06-the-clipboard-wave1-s0.png
0.5442	0.5407	farm-out/ep2-goblin-design-d1-0814/04-the-footnote-wave1-s1.png
0.7633	0.7609	farm-out/ep2-goblin-design-d1-0814/04-the-footnote-wave1-s2.png
0.6566	0.6548	farm-out/ep2-goblin-design-d1-0814/04-the-footnote-wave1-s3.png
0.5271	0.5083	farm-out/ep2-goblin-design-d2-0814/04-the-footnote-wave1-s0.png
0.5197	0.5166	farm-out/ep2-goblin-design-d2-0814/04-the-footnote-wave1-s1.png
0.7663	0.7615	farm-out/ep2-goblin-design-d2-0814/04-the-footnote-wave1-s2.png
0.6985	0.6977	farm-out/ep2-goblin-design-d2-0814/04-the-footnote-wave1-s3.png
0.0400	0.0073	farm-out/ep2-goblin-design-d3-0814/04-the-footnote-wave1-s0.png
0.5129	0.0336	farm-out/ep2-goblin-design-d3-0814/04-the-footnote-wave1-s1.png
0.7068	0.7017	farm-out/ep2-goblin-design-d3-0814/04-the-footnote-wave1-s2.png
0.7540	0.7494	farm-out/ep2-goblin-design-d3-0814/04-the-footnote-wave1-s3.png
0.2760	0.0159	farm-out/ep2-goblin-design-d4-0814/04-the-footnote-wave1-s0.png
0.5296	0.5227	farm-out/ep2-goblin-design-d4-0814/04-the-footnote-wave1-s1.png
0.6949	0.6893	farm-out/ep2-goblin-design-d4-0814/04-the-footnote-wave1-s2.png
0.6829	0.6782	farm-out/ep2-goblin-design-d4-0814/04-the-footnote-wave1-s3.png
0.5162	0.5071	farm-out/ep2-goblin-design-d5-0814/04-the-footnote-wave1-s0.png
0.5708	0.5654	farm-out/ep2-goblin-design-d5-0814/04-the-footnote-wave1-s1.png
0.6887	0.6833	farm-out/ep2-goblin-design-d5-0814/04-the-footnote-wave1-s2.png
0.6938	0.6923	farm-out/ep2-goblin-design-d5-0814/04-the-footnote-wave1-s3.png
0.5400	0.5316	farm-out/ep2-goblin-design-d6-0814/04-the-footnote-wave1-s0.png
0.5779	0.5731	farm-out/ep2-goblin-design-d6-0814/04-the-footnote-wave1-s1.png
0.7432	0.7414	farm-out/ep2-goblin-design-d6-0814/04-the-footnote-wave1-s2.png
0.7845	0.7825	farm-out/ep2-goblin-design-d6-0814/04-the-footnote-wave1-s3.png
0.5269	0.5253	farm-out/ep2-goblin-design-d7-dumb-0815/04-the-footnote-wave1-s0.png
0.0230	0.0034	farm-out/ep2-goblin-design-d7-dumb-0815/04-the-footnote-wave1-s1.png
0.8141	0.8129	farm-out/ep2-goblin-design-d7-dumb-0815/04-the-footnote-wave1-s2.png
0.6989	0.6969	farm-out/ep2-goblin-design-d7-dumb-0815/04-the-footnote-wave1-s3.png
0.1831	0.0817	farm-out/ep2-goblin-freeze-w015-0814/04-the-footnote-ipa-r0-w015-s0.png
0.3710	0.3015	farm-out/ep2-goblin-freeze-w015-0814/04-the-footnote-ipa-r0-w015-s1.png
0.3256	0.3096	farm-out/ep2-goblin-freeze-w015-0814/04-the-footnote-ipa-r0-w015-s2.png
0.4616	0.3960	farm-out/ep2-goblin-freeze-w015-0814/04-the-footnote-ipa-r0-w015-s3.png
0.0800	0.0213	farm-out/ep2-goblin-freeze-w015-0814/04-the-footnote-ipa-r1-w015-s0.png
0.0983	0.0300	farm-out/ep2-goblin-freeze-w015-0814/04-the-footnote-ipa-r1-w015-s1.png
0.0122	0.0003	farm-out/ep2-goblin-freeze-w015-0814/04-the-footnote-ipa-r1-w015-s2.png
0.1778	0.0089	farm-out/ep2-goblin-freeze-w015-0814/04-the-footnote-ipa-r1-w015-s3.png
0.3467	0.0828	farm-out/ep2-goblin-freeze-w015-0814/04-the-footnote-ipa-r2-w015-s0.png
0.1757	0.0973	farm-out/ep2-goblin-freeze-w015-0814/04-the-footnote-ipa-r2-w015-s1.png
0.1123	0.0356	farm-out/ep2-goblin-freeze-w015-0814/04-the-footnote-ipa-r2-w015-s2.png
0.1897	0.0453	farm-out/ep2-goblin-freeze-w015-0814/04-the-footnote-ipa-r2-w015-s3.png
0.4048	0.1082	farm-out/ep2-goblin-freeze-w015-0814/04-the-footnote-ipa-r3-w015-s0.png
0.0320	0.0010	farm-out/ep2-goblin-sheet-a-0812/04-the-footnote-wave1-s1.png
0.0645	0.0013	farm-out/ep2-goblin-sheet-a-0812/04-the-footnote-wave1-s2.png
0.4017	0.0065	farm-out/ep2-goblin-sheet-a-0812/04-the-footnote-wave1-s3.png
0.1305	0.0759	farm-out/ep2-goblin-sheet-a2-bald2-bald-0812/04-the-footnote-wave1-s0.png
0.0375	0.0059	farm-out/ep2-goblin-sheet-a2-bald2-bald-0812/04-the-footnote-wave1-s1.png
0.0247	0.0024	farm-out/ep2-goblin-sheet-a2-bald2-bald-0812/04-the-footnote-wave1-s2.png
0.4965	0.0000	farm-out/ep2-goblin-sheet-a2-bald2-bald-0812/04-the-footnote-wave1-s3.png
0.3069	0.0442	farm-out/ep2-goblin-sheet-b-0812/04-the-footnote-wave1-s0.png
0.0074	0.0002	farm-out/ep2-goblin-freeze-w015-0814/04-the-footnote-ipa-r3-w015-s1.png
0.2810	0.1177	farm-out/ep2-goblin-freeze-w015-0814/04-the-footnote-ipa-r3-w015-s2.png
0.3552	0.2647	farm-out/ep2-goblin-freeze-w015-0814/04-the-footnote-ipa-r3-w015-s3.png
0.1265	0.0156	farm-out/ep2-goblin-medium/02-the-sprint-wave1-s0.png
0.1690	0.0007	farm-out/ep2-goblin-medium/02-the-sprint-wave1-s1.png
0.1161	0.0111	farm-out/ep2-goblin-medium/02-the-sprint-wave1-s2.png
0.1771	0.0001	farm-out/ep2-goblin-medium/02-the-sprint-wave1-s3.png
0.3335	0.2776	farm-out/ep2-goblin-sheet-a-0812/04-the-footnote-wave1-s0.png
0.0254	0.0008	farm-out/ep2-goblin-sheet-b-0812/04-the-footnote-wave1-s1.png
0.0789	0.0068	farm-out/ep2-goblin-sheet-b-0812/04-the-footnote-wave1-s2.png
0.5376	0.0000	farm-out/ep2-goblin-sheet-b-0812/04-the-footnote-wave1-s3.png
0.3576	0.3027	farm-out/ep2-goblin-sheet-c-0812/04-the-footnote-wave1-s0.png
0.0317	0.0017	farm-out/ep2-goblin-sheet-c-0812/04-the-footnote-wave1-s1.png
0.0092	0.0032	farm-out/ep2-goblin-sheet-c-0812/04-the-footnote-wave1-s2.png
0.3739	0.1784	farm-out/ep2-goblin-sheet-c-0812/04-the-footnote-wave1-s3.png
0.4577	0.3302	farm-out/ep2-goblin-sheet-d-0812/04-the-footnote-wave1-s0.png
0.0452	0.0002	farm-out/ep2-goblin-sheet-d-0812/04-the-footnote-wave1-s1.png
0.2674	0.0079	farm-out/ep2-goblin-sheet-d-0812/04-the-footnote-wave1-s2.png
0.4148	0.3581	farm-out/ep2-goblin-sheet-d-0812/04-the-footnote-wave1-s3.png
0.2251	0.1099	farm-out/ep2-goblin-sheet-d2-baldcloak/04-the-footnote-wave1-s0.png
0.0487	0.0025	farm-out/ep2-goblin-sheet-d2-baldcloak/04-the-footnote-wave1-s1.png
0.2473	0.0000	farm-out/ep2-goblin-sheet-d2-baldcloak/04-the-footnote-wave1-s2.png
0.4436	0.2317	farm-out/ep2-goblin-sheet-d2-baldcloak/04-the-footnote-wave1-s3.png
0.1869	0.0822	farm-out/ep2-goblin-staged/02-the-sprint-wave1-s0.png
0.0869	0.0000	farm-out/ep2-goblin-staged/02-the-sprint-wave1-s1.png
0.0880	0.0578	farm-out/ep2-goblin-staged/02-the-sprint-wave1-s2.png
0.2359	0.0174	farm-out/ep2-goblin-staged/02-the-sprint-wave1-s3.png
0.1442	0.0018	farm-out/ep2-goblin-staged/03-bad-cover-wave1-s0.png
0.0918	0.0023	farm-out/ep2-goblin-staged/03-bad-cover-wave1-s1.png
0.4601	0.3306	farm-out/ep2-goblin-staged/03-bad-cover-wave1-s2.png
0.0706	0.0532	farm-out/ep2-goblin-staged/03-bad-cover-wave1-s3.png
0.1048	0.0756	farm-out/ep2-goblin-staged/05-the-patrol-wave1-s0.png
0.1495	0.0972	farm-out/ep2-goblin-staged/05-the-patrol-wave1-s1.png
0.2133	0.0342	farm-out/ep2-goblin-staged/05-the-patrol-wave1-s2.png
0.4207	0.1783	farm-out/ep2-goblin-staged/05-the-patrol-wave1-s3.png
0.1055	0.0457	farm-out/ep2-goblin-staged/08-inside-him-wave1-s0.png
0.1425	0.0497	farm-out/ep2-goblin-staged/08-inside-him-wave1-s1.png
0.2913	0.1597	farm-out/ep2-goblin-staged/08-inside-him-wave1-s2.png
0.3068	0.1927	farm-out/ep2-goblin-staged/08-inside-him-wave1-s3.png
0.1852	0.0400	farm-out/ep2-goblin-staged/09-the-pause-wave1-s0.png
0.3719	0.1841	farm-out/ep2-goblin-staged/09-the-pause-wave1-s1.png
0.2048	0.1136	farm-out/ep2-goblin-staged/09-the-pause-wave1-s2.png
0.2966	0.1162	farm-out/ep2-goblin-staged/09-the-pause-wave1-s3.png
0.1345	0.0197	farm-out/ep2-goblin-staged/10-no-form-wave1-s0.png
0.1427	0.0794	farm-out/ep2-goblin-staged/10-no-form-wave1-s1.png
0.1561	0.0671	farm-out/ep2-goblin-staged/10-no-form-wave1-s2.png
0.6857	0.3954	farm-out/ep2-goblin-staged/10-no-form-wave1-s3.png
0.0430	0.0251	farm-out/ep2-goblin-staged/11-they-leave-wave1-s0.png
0.1455	0.0001	farm-out/ep2-goblin-staged/11-they-leave-wave1-s1.png
0.1427	0.0272	farm-out/ep2-goblin-staged/11-they-leave-wave1-s2.png
0.1557	0.0776	farm-out/ep2-goblin-staged/11-they-leave-wave1-s3.png
0.0329	0.0002	farm-out/ep2-goblin-staged/17-goodbye-wave1-s0.png
0.0600	0.0235	farm-out/ep2-goblin-staged/17-goodbye-wave1-s1.png
0.0547	0.0000	farm-out/ep2-goblin-staged/17-goodbye-wave1-s2.png
0.2035	0.0000	farm-out/ep2-goblin-staged/17-goodbye-wave1-s3.png
0.2668	0.0653	farm-out/ep2-goblin-staged/19-the-drop-wave1-s0.png
0.1064	0.0039	farm-out/ep2-goblin-wave1/04-the-footnote-wave1-s1.png
0.1005	0.0081	farm-out/ep2-goblin-wave1/04-the-footnote-wave1-s2.png
0.0778	0.0353	farm-out/ep2-goblin-wave1/04-the-footnote-wave1-s3.png
0.8533	0.8371	farm-out/ep2-guard-b-derived-0814/06-the-clipboard-wave1-s0.png
0.5288	0.5268	farm-out/ep2-guard-b-derived-0814/06-the-clipboard-wave1-s1.png
0.6928	0.6913	farm-out/ep2-guard-b-derived-0814/06-the-clipboard-wave1-s2.png
0.2993	0.0190	farm-out/ep2-guard-b-derived-0814/06-the-clipboard-wave1-s3.png
0.7063	0.6904	farm-out/ep2-guard-sheet-a-r2-0814/06-the-clipboard-wave1-s0.png
0.6948	0.6929	farm-out/ep2-guard-sheet-a-r2-0814/06-the-clipboard-wave1-s1.png
0.7214	0.7203	farm-out/ep2-guard-sheet-a-r2-0814/06-the-clipboard-wave1-s2.png
0.0069	0.0001	farm-out/ep2-guard-sheet-a-r2-0814/06-the-clipboard-wave1-s3.png
0.6853	0.6076	farm-out/ep2-guard-sheet-b-r2-0814/06-the-clipboard-wave1-s0.png
0.0055	0.0001	farm-out/ep2-guard-sheet-b-r2-0814/06-the-clipboard-wave1-s1.png
0.6913	0.6894	farm-out/ep2-guard-sheet-b-r2-0814/06-the-clipboard-wave1-s2.png
0.0990	0.0829	farm-out/ep2-guard-sheet-b-r2-0814/06-the-clipboard-wave1-s3.png
0.1007	0.0101	farm-out/ep2-guards-ref/05-the-patrol-wave1-s0.png
0.2659	0.1823	farm-out/ep2-goblin-staged/19-the-drop-wave1-s1.png
0.2599	0.0000	farm-out/ep2-goblin-staged/19-the-drop-wave1-s2.png
0.1012	0.0001	farm-out/ep2-goblin-staged/19-the-drop-wave1-s3.png
0.3056	0.0282	farm-out/ep2-goblin-staged/20-evidence-wave1-s0.png
0.2510	0.1883	farm-out/ep2-goblin-staged/20-evidence-wave1-s1.png
0.1161	0.0667	farm-out/ep2-goblin-staged/20-evidence-wave1-s2.png
0.2716	0.0109	farm-out/ep2-goblin-staged/20-evidence-wave1-s3.png
0.3078	0.1090	farm-out/ep2-goblin-wave1/04-the-footnote-wave1-s0.png
0.1358	0.0093	farm-out/ep2-guards-ref/05-the-patrol-wave1-s1.png
0.1190	0.0414	farm-out/ep2-guards-ref/05-the-patrol-wave1-s2.png
0.0297	0.0000	farm-out/ep2-guards-ref/05-the-patrol-wave1-s3.png
0.2251	0.0680	farm-out/ep2-guards-sheet-robe-0812/05-the-patrol-wave1-s0.png
0.1675	0.0005	farm-out/ep2-guards-sheet-robe-0812/05-the-patrol-wave1-s1.png
0.2647	0.1311	farm-out/ep2-guards-sheet-robe-0812/05-the-patrol-wave1-s2.png
0.0251	0.0002	farm-out/ep2-guards-sheet-robe-0812/05-the-patrol-wave1-s3.png
0.2338	0.1307	farm-out/ep2-guards-sheet-tunic-0812/05-the-patrol-wave1-s0.png
0.0650	0.0000	farm-out/ep2-guards-sheet-tunic-0812/05-the-patrol-wave1-s1.png
0.2131	0.0114	farm-out/ep2-guards-sheet-tunic-0812/05-the-patrol-wave1-s2.png
0.0861	0.0000	farm-out/ep2-guards-sheet-tunic-0812/05-the-patrol-wave1-s3.png
0.2032	0.1070	farm-out/ep2-guards-sheet-vest-0812/05-the-patrol-wave1-s0.png
0.1668	0.0234	farm-out/ep2-guards-sheet-vest-0812/05-the-patrol-wave1-s1.png
0.3271	0.2850	farm-out/ep2-guards-sheet-vest-0812/05-the-patrol-wave1-s2.png
0.0474	0.0002	farm-out/ep2-guards-sheet-vest-0812/05-the-patrol-wave1-s3.png
0.0985	0.0050	farm-out/ep2-guards-silly/05-the-patrol-wave1-s0.png
0.0871	0.0001	farm-out/ep2-guards-silly/05-the-patrol-wave1-s1.png
0.0383	0.0033	farm-out/ep2-guards-silly/05-the-patrol-wave1-s2.png
0.0404	0.0002	farm-out/ep2-guards-silly/05-the-patrol-wave1-s3.png
0.0998	0.0003	farm-out/ep3-003b-b01-dialect-r2-0812/03-bad-cover-wave1-s0.png
0.0543	0.0102	farm-out/ep3-003b-b01-dialect-r2-0812/03-bad-cover-wave1-s1.png
0.1838	0.0455	farm-out/ep3-003b-b01-dialect-r2-0812/03-bad-cover-wave1-s2.png
0.1368	0.0784	farm-out/ep3-003b-b01-dialect-r2-0812/03-bad-cover-wave1-s3.png
0.1110	0.0001	farm-out/ep3-003b-b01-dialect-r3-0812/03-bad-cover-wave1-s0.png
0.1099	0.0055	farm-out/ep3-003b-b01-dialect-r3-0812/03-bad-cover-wave1-s1.png
0.1161	0.0005	farm-out/ep3-003b-b01-dialect-r3-0812/03-bad-cover-wave1-s2.png
0.0888	0.0019	farm-out/ep3-003b-b01-dialect-r3-0812/03-bad-cover-wave1-s3.png
0.2504	0.0000	farm-out/ep3-003b-b01-dialect-r4-0812/03-bad-cover-wave1-s0.png
0.0595	0.0004	farm-out/ep3-003b-b01-dialect-r4-0812/03-bad-cover-wave1-s1.png
0.1140	0.0000	farm-out/ep3-003b-b01-dialect-r4-0812/03-bad-cover-wave1-s2.png
0.0783	0.0005	farm-out/ep3-003b-b01-dialect-r4-0812/03-bad-cover-wave1-s3.png
0.0907	0.0002	farm-out/ep3-charref-assessor-r3-0812/07-confiscate-wave1-s0.png
0.1099	0.0003	farm-out/ep3-charref-assessor-r3-0812/07-confiscate-wave1-s1.png
0.1399	0.0032	farm-out/ep3-charref-assessor-r3-0812/07-confiscate-wave1-s2.png
0.0480	0.0231	farm-out/ep3-charref-assessor-r3-0812/07-confiscate-wave1-s3.png
0.0840	0.0004	farm-out/ep3-charref-assessor-r4-0813/07-confiscate-wave1-s0.png
0.1094	0.0084	farm-out/ep3-charref-assessor-r4-0813/07-confiscate-wave1-s1.png
0.1201	0.0030	farm-out/ep3-charref-assessor-r4-0813/07-confiscate-wave1-s2.png
0.0679	0.0082	farm-out/ep3-charref-assessor-r4-0813/07-confiscate-wave1-s3.png
0.2241	0.0700	farm-out/ep3-charref-farmer-r2-0812/06-the-clipboard-wave1-s0.png
0.0460	0.0165	farm-out/ep3-sapling-reference-r3-0812/01-cold-open-wave1-s1.png
0.1108	0.0115	farm-out/ep3-sapling-reference-r3-0812/01-cold-open-wave1-s2.png
0.0410	0.0296	farm-out/ep3-sapling-reference-r3-0812/01-cold-open-wave1-s3.png
0.1269	0.0234	farm-out/motion-poscontrol-r2-0816/poscontrol-init-b13-704x1280.png
0.1975	0.0140	farm-out/motion-poscontrol-r2-0816/poscontrol-init-runner-704x1280.png
0.1046	0.0039	farm-out/motion-poscontrol-r2-0816/poscontrol-init-waterfall-704x1280.png
0.3565	0.2819	farm-out/ep3-charref-farmer-r4-0813/06-the-clipboard-wave1-s1.png
0.3916	0.3151	farm-out/ep3-charref-farmer-r4-0813/06-the-clipboard-wave1-s2.png
0.0649	0.0469	farm-out/ep3-charref-farmer-r4-0813/06-the-clipboard-wave1-s3.png
0.2693	0.1860	farm-out/ep3-charref-farmer-r4b-0813/06-the-clipboard-wave1-s0.png
0.3459	0.0161	farm-out/ep3-charref-farmer-r4b-0813/06-the-clipboard-wave1-s1.png
0.2306	0.1660	farm-out/ep3-charref-farmer-r4b-0813/06-the-clipboard-wave1-s2.png
0.0450	0.0006	farm-out/ep3-charref-farmer-r4b-0813/06-the-clipboard-wave1-s3.png
0.0559	0.0002	farm-out/ep3-charref-magistrate-r2-0812/16-charref-magistrate-wave1-s0.png
0.1306	0.0022	farm-out/ep3-charref-magistrate-r2-0812/16-charref-magistrate-wave1-s1.png
0.0648	0.0025	farm-out/ep3-charref-magistrate-r2-0812/16-charref-magistrate-wave1-s2.png
0.0549	0.0017	farm-out/ep3-charref-magistrate-r2-0812/16-charref-magistrate-wave1-s3.png
0.1018	0.0434	farm-out/ep3-sapling-reference-r2-0812/01-cold-open-wave1-s0.png
0.0424	0.0029	farm-out/ep3-sapling-reference-r2-0812/01-cold-open-wave1-s1.png
0.0855	0.0171	farm-out/ep3-sapling-reference-r2-0812/01-cold-open-wave1-s2.png
0.0563	0.0346	farm-out/ep3-sapling-reference-r2-0812/01-cold-open-wave1-s3.png
0.0953	0.0440	farm-out/ep3-sapling-reference-r3-0812/01-cold-open-wave1-s0.png
0.3354	0.0313	farm-out/ep3-charref-farmer-r2-0812/06-the-clipboard-wave1-s1.png
0.0229	0.0013	farm-out/ep3-charref-farmer-r2-0812/06-the-clipboard-wave1-s2.png
0.0668	0.0134	farm-out/ep3-charref-farmer-r2-0812/06-the-clipboard-wave1-s3.png
0.3170	0.1538	farm-out/ep3-charref-farmer-r3-0813/06-the-clipboard-wave1-s0.png
0.1002	0.0338	farm-out/ep3-charref-farmer-r3-0813/06-the-clipboard-wave1-s1.png
0.0664	0.0013	farm-out/ep3-charref-farmer-r3-0813/06-the-clipboard-wave1-s2.png
0.1723	0.1023	farm-out/ep3-charref-farmer-r3-0813/06-the-clipboard-wave1-s3.png
0.1917	0.0597	farm-out/ep3-charref-farmer-r4-0813/06-the-clipboard-wave1-s0.png
